6/3/2020,0.7
6/3/2020,0.7
6/3/2020,0.69
6/3/2020,0.69
6/3/2020,0.69
6/3/2020,0.68
6/3/2020,0.69
6/3/2020,0.69
6/3/2020,0.68
6/3/2020,0.68
6/3/2020,0.68
6/3/2020,0.68
6/3/2020,0.68
6/3/2020,0.68
6/3/2020,0.68
6/3/2020,0.68
6/3/2020,0.68
6/3/2020,0.68
6/3/2020,0.68
6/3/2020,0.68
6/3/2020,0.68
6/3/2020,0.68
6/3/2020,0.68
6/3/2020,0.68
6/3/2020,0.68
6/3/2020,0.68
6/3/2020,0.68
6/3/2020,0.68
6/3/2020,0.68
6/3/2020,0.68
6/3/2020,0.68
6/3/2020,0.68
6/3/2020,0.68
6/3/2020,0.68
6/3/2020,0.68
6/3/2020,0.68
6/3/2020,0.69
6/3/2020,0.68
6/3/2020,0.68
6/3/2020,0.68
6/3/2020,0.68
6/3/2020,0.68
6/3/2020,0.68
6/3/2020,0.68
6/3/2020,0.68
6/3/2020,0.68
6/3/2020,0.68
6/3/2020,0.68
6/3/2020,0.68
6/3/2020,0.68
6/3/2020,0.68
6/3/2020,0.68
6/3/2020,0.68
6/3/2020,0.68
6/3/2020,0.68
6/3/2020,0.68
6/3/2020,0.67
6/3/2020,0.68
6/3/2020,0.68
6/3/2020,0.68
6/3/2020,0.68
6/3/2020,0.69
6/3/2020,0.68
6/3/2020,0.69
6/3/2020,0.69
6/3/2020,0.68
6/3/2020,0.69
6/3/2020,0.69
6/3/2020,0.69
6/3/2020,0.69
6/3/2020,0.69
6/3/2020,0.69
6/3/2020,0.69
6/3/2020,0.68
6/3/2020,0.68
6/3/2020,0.69
6/3/2020,0.69
6/3/2020,0.69
6/3/2020,0.69
6/3/2020,0.68
6/3/2020,0.69
6/3/2020,0.69
6/3/2020,0.69
6/3/2020,0.68
6/3/2020,0.68
6/3/2020,0.69
6/3/2020,0.69
6/3/2020,0.69
6/3/2020,0.68
6/3/2020,0.68
6/3/2020,0.68
6/3/2020,0.68
6/3/2020,0.68
6/3/2020,0.68
6/3/2020,0.68
6/3/2020,0.68
6/3/2020,0.69
6/3/2020,0.69
6/3/2020,0.68
6/3/2020,0.68
6/3/2020,0.68
6/3/2020,0.68
6/3/2020,0.68
6/3/2020,0.68
7/3/2020,0.68
7/3/2020,0.67
7/3/2020,0.68
7/3/2020,0.67
7/3/2020,0.67
7/3/2020,0.68
7/3/2020,0.68
7/3/2020,0.68
7/3/2020,0.67
7/3/2020,0.68
7/3/2020,0.67
7/3/2020,0.68
7/3/2020,0.67
7/3/2020,0.68
7/3/2020,0.67
7/3/2020,0.67
7/3/2020,0.67
7/3/2020,0.67
7/3/2020,0.67
7/3/2020,0.67
7/3/2020,0.68
7/3/2020,0.67
7/3/2020,0.68
7/3/2020,0.67
7/3/2020,0.68
7/3/2020,0.68
7/3/2020,0.67
7/3/2020,0.67
7/3/2020,0.67
7/3/2020,0.67
7/3/2020,0.67
7/3/2020,0.67
7/3/2020,0.67
7/3/2020,0.67
7/3/2020,0.67
7/3/2020,0.66
7/3/2020,0.67
7/3/2020,0.67
7/3/2020,0.66
7/3/2020,0.67
7/3/2020,0.66
7/3/2020,0.66
7/3/2020,0.66
7/3/2020,0.66
7/3/2020,0.67
7/3/2020,0.66
7/3/2020,0.65
7/3/2020,0.66
7/3/2020,0.66
7/3/2020,0.66
7/3/2020,0.66
7/3/2020,0.66
7/3/2020,0.65
7/3/2020,0.65
7/3/2020,0.65
7/3/2020,0.64
7/3/2020,0.64
7/3/2020,0.63
7/3/2020,0.63
7/3/2020,0.63
7/3/2020,0.64
7/3/2020,0.63
7/3/2020,0.62
7/3/2020,0.62
7/3/2020,0.63
7/3/2020,0.64
7/3/2020,0.63
7/3/2020,0.64
7/3/2020,0.63
7/3/2020,0.63
7/3/2020,0.64
7/3/2020,0.65
7/3/2020,0.64
7/3/2020,0.64
7/3/2020,0.64
7/3/2020,0.63
7/3/2020,0.63
7/3/2020,0.62
7/3/2020,0.63
7/3/2020,0.63
7/3/2020,0.63
7/3/2020,0.63
7/3/2020,0.63
7/3/2020,0.62
7/3/2020,0.61
7/3/2020,0.64
7/3/2020,0.63
7/3/2020,0.63
7/3/2020,0.63
7/3/2020,0.63
7/3/2020,0.62
7/3/2020,0.61
7/3/2020,0.61
7/3/2020,0.61
7/3/2020,0.6
7/3/2020,0.6
7/3/2020,0.6
7/3/2020,0.6
7/3/2020,0.6
7/3/2020,0.6
7/3/2020,0.6
7/3/2020,0.6
7/3/2020,0.6
7/3/2020,0.59
7/3/2020,0.57
7/3/2020,0.59
7/3/2020,0.59
7/3/2020,0.6
7/3/2020,0.6
7/3/2020,0.6
7/3/2020,0.59
7/3/2020,0.58
7/3/2020,0.57
7/3/2020,0.56
7/3/2020,0.57
7/3/2020,0.54
7/3/2020,0.58
7/3/2020,0.55
7/3/2020,0.57
7/3/2020,0.56
7/3/2020,0.54
7/3/2020,0.55
7/3/2020,0.56
7/3/2020,0.59
7/3/2020,0.56
7/3/2020,0.56
7/3/2020,0.58
7/3/2020,0.57
7/3/2020,0.55
7/3/2020,0.58
7/3/2020,0.55
7/3/2020,0.54
7/3/2020,0.54
7/3/2020,0.55
7/3/2020,0.54
7/3/2020,0.55
7/3/2020,0.54
7/3/2020,0.55
7/3/2020,0.54
7/3/2020,0.54
7/3/2020,0.55
7/3/2020,0.59
7/3/2020,0.58
7/3/2020,0.57
7/3/2020,0.56
7/3/2020,0.57
7/3/2020,0.57
7/3/2020,0.54
7/3/2020,0.54
7/3/2020,0.54
7/3/2020,0.54
7/3/2020,0.54
7/3/2020,0.54
7/3/2020,0.54
7/3/2020,0.6
7/3/2020,0.61
7/3/2020,0.6
7/3/2020,0.59
7/3/2020,0.6
7/3/2020,0.59
7/3/2020,0.59
7/3/2020,0.59
7/3/2020,0.58
7/3/2020,0.61
7/3/2020,0.58
7/3/2020,0.58
7/3/2020,0.57
7/3/2020,0.57
7/3/2020,0.54
7/3/2020,0.57
7/3/2020,0.58
7/3/2020,0.57
7/3/2020,0.57
7/3/2020,0.57
7/3/2020,0.53
7/3/2020,0.54
7/3/2020,0.54
7/3/2020,0.54
7/3/2020,0.54
7/3/2020,0.54
7/3/2020,0.58
7/3/2020,0.56
7/3/2020,0.56
7/3/2020,0.54
7/3/2020,0.54
7/3/2020,0.54
7/3/2020,0.56
7/3/2020,0.55
7/3/2020,0.55
7/3/2020,0.55
7/3/2020,0.58
7/3/2020,0.58
7/3/2020,0.55
7/3/2020,0.55
7/3/2020,0.57
7/3/2020,0.55
7/3/2020,0.55
7/3/2020,0.57
7/3/2020,0.57
7/3/2020,0.55
7/3/2020,0.57
7/3/2020,0.57
7/3/2020,0.57
7/3/2020,0.57
7/3/2020,0.56
7/3/2020,0.57
7/3/2020,0.56
7/3/2020,0.56
7/3/2020,0.56
7/3/2020,0.56
7/3/2020,0.56
7/3/2020,0.56
7/3/2020,0.56
7/3/2020,0.56
7/3/2020,0.56
7/3/2020,0.56
7/3/2020,0.56
7/3/2020,0.56
7/3/2020,0.56
7/3/2020,0.56
7/3/2020,0.56
7/3/2020,0.56
7/3/2020,0.57
7/3/2020,0.56
7/3/2020,0.57
7/3/2020,0.56
7/3/2020,0.56
7/3/2020,0.56
7/3/2020,0.56
7/3/2020,0.56
7/3/2020,0.56
7/3/2020,0.56
7/3/2020,0.56
7/3/2020,0.56
7/3/2020,0.56
7/3/2020,0.56
7/3/2020,0.56
7/3/2020,0.56
7/3/2020,0.56
7/3/2020,0.57
7/3/2020,0.57
7/3/2020,0.57
7/3/2020,0.59
7/3/2020,0.6
7/3/2020,0.6
7/3/2020,0.6
7/3/2020,0.6
7/3/2020,0.6
7/3/2020,0.6
7/3/2020,0.6
7/3/2020,0.6
7/3/2020,0.6
7/3/2020,0.6
7/3/2020,0.6
7/3/2020,0.6
7/3/2020,0.59
7/3/2020,0.59
7/3/2020,0.59
7/3/2020,0.6
7/3/2020,0.59
7/3/2020,0.61
7/3/2020,0.6
7/3/2020,0.62
7/3/2020,0.61
7/3/2020,0.61
7/3/2020,0.61
7/3/2020,0.61
7/3/2020,0.61
7/3/2020,0.61
7/3/2020,0.62
7/3/2020,0.62
7/3/2020,0.62
7/3/2020,0.62
7/3/2020,0.62
7/3/2020,0.62
7/3/2020,0.61
7/3/2020,0.62
7/3/2020,0.61
7/3/2020,0.6
7/3/2020,0.6
7/3/2020,0.59
7/3/2020,0.6
7/3/2020,0.61
7/3/2020,0.64
7/3/2020,0.64
7/3/2020,0.63
7/3/2020,0.64
7/3/2020,0.63
7/3/2020,0.63
7/3/2020,0.63
7/3/2020,0.63
7/3/2020,0.63
7/3/2020,0.63
7/3/2020,0.62
7/3/2020,0.62
7/3/2020,0.62
7/3/2020,0.63
7/3/2020,0.58
7/3/2020,0.64
7/3/2020,0.63
7/3/2020,0.63
7/3/2020,0.63
7/3/2020,0.62
7/3/2020,0.63
7/3/2020,0.63
7/3/2020,0.61
7/3/2020,0.62
7/3/2020,0.61
7/3/2020,0.61
7/3/2020,0.61
7/3/2020,0.62
7/3/2020,0.63
7/3/2020,0.62
7/3/2020,0.62
7/3/2020,0.62
7/3/2020,0.63
7/3/2020,0.62
7/3/2020,0.61
7/3/2020,0.62
7/3/2020,0.62
7/3/2020,0.61
7/3/2020,0.59
7/3/2020,0.61
7/3/2020,0.61
7/3/2020,0.61
7/3/2020,0.61
7/3/2020,0.61
7/3/2020,0.62
7/3/2020,0.62
7/3/2020,0.61
7/3/2020,0.61
7/3/2020,0.62
7/3/2020,0.61
7/3/2020,0.61
7/3/2020,0.61
7/3/2020,0.61
7/3/2020,0.61
7/3/2020,0.6
7/3/2020,0.6
7/3/2020,0.61
7/3/2020,0.6
7/3/2020,0.6
7/3/2020,0.6
7/3/2020,0.6
7/3/2020,0.6
7/3/2020,0.6
7/3/2020,0.6
7/3/2020,0.59
7/3/2020,0.59
7/3/2020,0.59
7/3/2020,0.59
7/3/2020,0.6
7/3/2020,0.59
7/3/2020,0.6
7/3/2020,0.59
7/3/2020,0.6
7/3/2020,0.59
7/3/2020,0.59
7/3/2020,0.59
7/3/2020,0.6
7/3/2020,0.59
7/3/2020,0.59
7/3/2020,0.6
7/3/2020,0.59
7/3/2020,0.59
7/3/2020,0.59
7/3/2020,0.59
7/3/2020,0.59
7/3/2020,0.57
7/3/2020,0.59
7/3/2020,0.58
7/3/2020,0.6
7/3/2020,0.6
7/3/2020,0.6
7/3/2020,0.58
7/3/2020,0.6
7/3/2020,0.6
7/3/2020,0.59
7/3/2020,0.59
7/3/2020,0.6
7/3/2020,0.6
7/3/2020,0.59
7/3/2020,0.59
7/3/2020,0.58
7/3/2020,0.59
7/3/2020,0.6
7/3/2020,0.59
7/3/2020,0.6
7/3/2020,0.58
7/3/2020,0.59
7/3/2020,0.59
7/3/2020,0.6
7/3/2020,0.58
7/3/2020,0.6
7/3/2020,0.59
7/3/2020,0.59
7/3/2020,0.6
7/3/2020,0.58
7/3/2020,0.58
7/3/2020,0.58
7/3/2020,0.58
7/3/2020,0.6
7/3/2020,0.59
7/3/2020,0.58
7/3/2020,0.61
7/3/2020,0.59
7/3/2020,0.58
7/3/2020,0.6
7/3/2020,0.59
7/3/2020,0.58
7/3/2020,0.58
7/3/2020,0.58
7/3/2020,0.58
7/3/2020,0.6
7/3/2020,0.62
7/3/2020,0.64
7/3/2020,0.64
7/3/2020,0.65
7/3/2020,0.65
7/3/2020,0.65
7/3/2020,0.65
7/3/2020,0.66
7/3/2020,0.64
7/3/2020,0.65
7/3/2020,0.66
7/3/2020,0.65
7/3/2020,0.65
7/3/2020,0.65
7/3/2020,0.66
7/3/2020,0.66
7/3/2020,0.66
7/3/2020,0.64
7/3/2020,0.64
7/3/2020,0.65
7/3/2020,0.65
7/3/2020,0.65
7/3/2020,0.65
7/3/2020,0.64
7/3/2020,0.64
7/3/2020,0.64
7/3/2020,0.64
7/3/2020,0.64
7/3/2020,0.64
7/3/2020,0.64
7/3/2020,0.63
7/3/2020,0.64
7/3/2020,0.64
7/3/2020,0.64
7/3/2020,0.63
7/3/2020,0.64
7/3/2020,0.63
7/3/2020,0.63
7/3/2020,0.63
7/3/2020,0.61
7/3/2020,0.63
7/3/2020,0.64
7/3/2020,0.63
7/3/2020,0.64
7/3/2020,0.63
7/3/2020,0.64
7/3/2020,0.64
7/3/2020,0.64
7/3/2020,0.64
7/3/2020,0.63
7/3/2020,0.63
7/3/2020,0.63
7/3/2020,0.63
7/3/2020,0.63
7/3/2020,0.63
7/3/2020,0.62
7/3/2020,0.61
7/3/2020,0.61
7/3/2020,0.62
7/3/2020,0.63
7/3/2020,0.62
7/3/2020,0.62
7/3/2020,0.62
7/3/2020,0.62
7/3/2020,0.62
7/3/2020,0.62
7/3/2020,0.62
7/3/2020,0.61
7/3/2020,0.61
7/3/2020,0.61
7/3/2020,0.62
7/3/2020,0.62
7/3/2020,0.61
7/3/2020,0.62
7/3/2020,0.62
7/3/2020,0.61
7/3/2020,0.62
7/3/2020,0.62
7/3/2020,0.62
7/3/2020,0.62
7/3/2020,0.63
7/3/2020,0.62
7/3/2020,0.62
7/3/2020,0.63
7/3/2020,0.62
7/3/2020,0.61
7/3/2020,0.62
7/3/2020,0.62
7/3/2020,0.62
7/3/2020,0.61
7/3/2020,0.62
7/3/2020,0.62
7/3/2020,0.61
7/3/2020,0.61
7/3/2020,0.6
7/3/2020,0.62
7/3/2020,0.61
7/3/2020,0.62
7/3/2020,0.63
7/3/2020,0.63
7/3/2020,0.62
7/3/2020,0.62
7/3/2020,0.63
7/3/2020,0.63
7/3/2020,0.63
7/3/2020,0.63
7/3/2020,0.63
7/3/2020,0.63
7/3/2020,0.63
7/3/2020,0.63
7/3/2020,0.62
7/3/2020,0.62
7/3/2020,0.63
7/3/2020,0.62
7/3/2020,0.63
7/3/2020,0.62
7/3/2020,0.63
7/3/2020,0.62
7/3/2020,0.63
7/3/2020,0.63
7/3/2020,0.64
7/3/2020,0.64
7/3/2020,0.63
7/3/2020,0.63
7/3/2020,0.63
7/3/2020,0.63
7/3/2020,0.63
7/3/2020,0.63
7/3/2020,0.63
7/3/2020,0.63
7/3/2020,0.62
7/3/2020,0.62
7/3/2020,0.63
7/3/2020,0.63
7/3/2020,0.62
7/3/2020,0.62
7/3/2020,0.62
7/3/2020,0.62
7/3/2020,0.63
7/3/2020,0.63
7/3/2020,0.63
7/3/2020,0.63
7/3/2020,0.64
7/3/2020,0.63
7/3/2020,0.63
7/3/2020,0.62
7/3/2020,0.62
7/3/2020,0.62
7/3/2020,0.62
7/3/2020,0.62
7/3/2020,0.62
7/3/2020,0.61
7/3/2020,0.61
7/3/2020,0.61
7/3/2020,0.61
7/3/2020,0.61
7/3/2020,0.61
7/3/2020,0.61
7/3/2020,0.61
7/3/2020,0.61
7/3/2020,0.61
7/3/2020,0.61
7/3/2020,0.61
7/3/2020,0.61
7/3/2020,0.62
7/3/2020,0.62
7/3/2020,0.62
7/3/2020,0.61
7/3/2020,0.62
7/3/2020,0.62
7/3/2020,0.61
7/3/2020,0.62
7/3/2020,0.62
7/3/2020,0.62
7/3/2020,0.62
7/3/2020,0.61
7/3/2020,0.62
7/3/2020,0.62
7/3/2020,0.62
7/3/2020,0.62
7/3/2020,0.62
7/3/2020,0.62
7/3/2020,0.62
7/3/2020,0.62
7/3/2020,0.62
7/3/2020,0.62
7/3/2020,0.62
7/3/2020,0.63
7/3/2020,0.62
7/3/2020,0.62
7/3/2020,0.62
7/3/2020,0.62
7/3/2020,0.62
7/3/2020,0.62
7/3/2020,0.61
7/3/2020,0.62
7/3/2020,0.61
7/3/2020,0.61
7/3/2020,0.61
7/3/2020,0.62
7/3/2020,0.61
7/3/2020,0.58
7/3/2020,0.59
7/3/2020,0.6
7/3/2020,0.6
7/3/2020,0.59
7/3/2020,0.59
7/3/2020,0.58
7/3/2020,0.58
7/3/2020,0.58
7/3/2020,0.58
7/3/2020,0.58
7/3/2020,0.57
7/3/2020,0.56
7/3/2020,0.57
7/3/2020,0.57
7/3/2020,0.56
7/3/2020,0.57
7/3/2020,0.57
7/3/2020,0.57
7/3/2020,0.57
7/3/2020,0.56
7/3/2020,0.56
7/3/2020,0.56
7/3/2020,0.56
7/3/2020,0.56
7/3/2020,0.56
7/3/2020,0.56
7/3/2020,0.57
7/3/2020,0.56
7/3/2020,0.56
7/3/2020,0.56
7/3/2020,0.56
7/3/2020,0.56
7/3/2020,0.56
7/3/2020,0.56
7/3/2020,0.56
7/3/2020,0.56
7/3/2020,0.56
7/3/2020,0.56
7/3/2020,0.56
7/3/2020,0.56
7/3/2020,0.56
7/3/2020,0.56
7/3/2020,0.56
7/3/2020,0.56
7/3/2020,0.56
7/3/2020,0.56
7/3/2020,0.56
7/3/2020,0.56
7/3/2020,0.57
7/3/2020,0.57
7/3/2020,0.57
7/3/2020,0.57
7/3/2020,0.57
7/3/2020,0.57
7/3/2020,0.57
7/3/2020,0.57
7/3/2020,0.57
7/3/2020,0.57
7/3/2020,0.58
7/3/2020,0.57
7/3/2020,0.57
7/3/2020,0.57
7/3/2020,0.57
7/3/2020,0.57
7/3/2020,0.57
7/3/2020,0.58
7/3/2020,0.58
7/3/2020,0.58
7/3/2020,0.58
7/3/2020,0.58
7/3/2020,0.57
7/3/2020,0.57
7/3/2020,0.57
7/3/2020,0.58
7/3/2020,0.58
7/3/2020,0.58
7/3/2020,0.57
7/3/2020,0.58
7/3/2020,0.57
7/3/2020,0.57
7/3/2020,0.57
7/3/2020,0.57
7/3/2020,0.58
7/3/2020,0.58
7/3/2020,0.58
7/3/2020,0.6
7/3/2020,0.61
7/3/2020,0.63
7/3/2020,0.62
7/3/2020,0.63
7/3/2020,0.63
7/3/2020,0.63
7/3/2020,0.63
7/3/2020,0.63
7/3/2020,0.63
7/3/2020,0.63
7/3/2020,0.62
7/3/2020,0.62
7/3/2020,0.63
7/3/2020,0.62
7/3/2020,0.62
7/3/2020,0.62
7/3/2020,0.61
7/3/2020,0.62
7/3/2020,0.62
7/3/2020,0.62
7/3/2020,0.63
7/3/2020,0.62
7/3/2020,0.62
7/3/2020,0.62
7/3/2020,0.63
7/3/2020,0.62
7/3/2020,0.62
7/3/2020,0.62
7/3/2020,0.62
7/3/2020,0.61
7/3/2020,0.6
7/3/2020,0.61
7/3/2020,0.61
7/3/2020,0.62
7/3/2020,0.62
7/3/2020,0.61
7/3/2020,0.61
7/3/2020,0.58
7/3/2020,0.63
7/3/2020,0.59
7/3/2020,0.62
7/3/2020,0.61
7/3/2020,0.58
7/3/2020,0.6
7/3/2020,0.6
7/3/2020,0.6
7/3/2020,0.6
7/3/2020,0.58
7/3/2020,0.6
7/3/2020,0.6
7/3/2020,0.61
7/3/2020,0.61
7/3/2020,0.6
7/3/2020,0.6
7/3/2020,0.6
7/3/2020,0.61
7/3/2020,0.6
7/3/2020,0.6
7/3/2020,0.6
7/3/2020,0.61
7/3/2020,0.58
7/3/2020,0.61
7/3/2020,0.61
7/3/2020,0.6
7/3/2020,0.61
7/3/2020,0.6
7/3/2020,0.6
7/3/2020,0.6
7/3/2020,0.6
7/3/2020,0.6
7/3/2020,0.6
7/3/2020,0.6
7/3/2020,0.6
7/3/2020,0.59
7/3/2020,0.58
7/3/2020,0.6
7/3/2020,0.58
7/3/2020,0.61
7/3/2020,0.61
7/3/2020,0.59
7/3/2020,0.6
7/3/2020,0.6
7/3/2020,0.57
7/3/2020,0.6
7/3/2020,0.59
7/3/2020,0.59
7/3/2020,0.59
7/3/2020,0.59
7/3/2020,0.58
7/3/2020,0.59
7/3/2020,0.59
7/3/2020,0.58
7/3/2020,0.59
7/3/2020,0.59
7/3/2020,0.59
7/3/2020,0.59
7/3/2020,0.59
7/3/2020,0.59
7/3/2020,0.59
7/3/2020,0.59
7/3/2020,0.6
7/3/2020,0.59
7/3/2020,0.6
7/3/2020,0.59
7/3/2020,0.6
7/3/2020,0.59
7/3/2020,0.57
7/3/2020,0.61
7/3/2020,0.59
7/3/2020,0.59
7/3/2020,0.59
7/3/2020,0.59
7/3/2020,0.59
7/3/2020,0.59
7/3/2020,0.59
7/3/2020,0.56
7/3/2020,0.61
7/3/2020,0.55
7/3/2020,0.54
7/3/2020,0.55
7/3/2020,0.55
7/3/2020,0.55
7/3/2020,0.6
7/3/2020,0.57
7/3/2020,0.58
7/3/2020,0.56
7/3/2020,0.55
7/3/2020,0.55
7/3/2020,0.55
7/3/2020,0.55
7/3/2020,0.55
7/3/2020,0.55
7/3/2020,0.54
7/3/2020,0.54
7/3/2020,0.54
7/3/2020,0.54
7/3/2020,0.54
7/3/2020,0.54
7/3/2020,0.54
7/3/2020,0.54
7/3/2020,0.54
7/3/2020,0.54
7/3/2020,0.54
7/3/2020,0.54
7/3/2020,0.54
7/3/2020,0.54
7/3/2020,0.56
7/3/2020,0.56
7/3/2020,0.55
7/3/2020,0.55
7/3/2020,0.56
7/3/2020,0.59
7/3/2020,0.61
7/3/2020,0.56
7/3/2020,0.59
7/3/2020,0.59
7/3/2020,0.61
7/3/2020,0.6
7/3/2020,0.59
7/3/2020,0.58
7/3/2020,0.58
7/3/2020,0.58
7/3/2020,0.6
7/3/2020,0.6
7/3/2020,0.59
7/3/2020,0.56
7/3/2020,0.59
7/3/2020,0.59
7/3/2020,0.6
7/3/2020,0.59
7/3/2020,0.57
7/3/2020,0.59
7/3/2020,0.57
7/3/2020,0.57
7/3/2020,0.57
7/3/2020,0.57
7/3/2020,0.58
7/3/2020,0.57
7/3/2020,0.56
7/3/2020,0.56
7/3/2020,0.57
7/3/2020,0.57
7/3/2020,0.57
7/3/2020,0.57
7/3/2020,0.56
7/3/2020,0.56
7/3/2020,0.56
7/3/2020,0.56
7/3/2020,0.56
7/3/2020,0.57
7/3/2020,0.57
7/3/2020,0.57
7/3/2020,0.57
7/3/2020,0.57
7/3/2020,0.56
7/3/2020,0.56
7/3/2020,0.56
7/3/2020,0.56
7/3/2020,0.56
7/3/2020,0.56
7/3/2020,0.56
7/3/2020,0.55
7/3/2020,0.56
7/3/2020,0.56
7/3/2020,0.56
7/3/2020,0.56
7/3/2020,0.56
7/3/2020,0.56
7/3/2020,0.56
7/3/2020,0.56
7/3/2020,0.56
7/3/2020,0.55
7/3/2020,0.55
7/3/2020,0.55
7/3/2020,0.55
7/3/2020,0.55
7/3/2020,0.55
7/3/2020,0.56
7/3/2020,0.56
7/3/2020,0.56
7/3/2020,0.56
7/3/2020,0.56
7/3/2020,0.56
7/3/2020,0.56
7/3/2020,0.56
7/3/2020,0.56
7/3/2020,0.56
7/3/2020,0.56
7/3/2020,0.56
7/3/2020,0.56
7/3/2020,0.56
7/3/2020,0.56
7/3/2020,0.57
7/3/2020,0.57
7/3/2020,0.58
7/3/2020,0.57
7/3/2020,0.59
7/3/2020,0.59
7/3/2020,0.56
7/3/2020,0.56
7/3/2020,0.57
7/3/2020,0.56
7/3/2020,0.56
7/3/2020,0.55
7/3/2020,0.55
7/3/2020,0.55
7/3/2020,0.53
7/3/2020,0.54
7/3/2020,0.54
7/3/2020,0.54
7/3/2020,0.54
7/3/2020,0.55
7/3/2020,0.56
7/3/2020,0.57
7/3/2020,0.56
7/3/2020,0.56
7/3/2020,0.56
7/3/2020,0.56
7/3/2020,0.56
7/3/2020,0.56
7/3/2020,0.56
7/3/2020,0.56
7/3/2020,0.56
7/3/2020,0.56
7/3/2020,0.56
7/3/2020,0.56
7/3/2020,0.56
7/3/2020,0.56
7/3/2020,0.56
7/3/2020,0.56
7/3/2020,0.56
7/3/2020,0.56
7/3/2020,0.56
7/3/2020,0.56
7/3/2020,0.56
7/3/2020,0.56
7/3/2020,0.56
7/3/2020,0.56
7/3/2020,0.56
7/3/2020,0.56
7/3/2020,0.56
7/3/2020,0.56
7/3/2020,0.56
7/3/2020,0.56
7/3/2020,0.56
7/3/2020,0.56
7/3/2020,0.56
7/3/2020,0.56
7/3/2020,0.56
7/3/2020,0.56
7/3/2020,0.56
7/3/2020,0.56
7/3/2020,0.56
7/3/2020,0.56
7/3/2020,0.56
7/3/2020,0.56
7/3/2020,0.56
7/3/2020,0.56
7/3/2020,0.55
7/3/2020,0.56
7/3/2020,0.56
7/3/2020,0.55
7/3/2020,0.56
7/3/2020,0.56
7/3/2020,0.56
7/3/2020,0.56
7/3/2020,0.56
7/3/2020,0.56
7/3/2020,0.56
7/3/2020,0.56
7/3/2020,0.55
7/3/2020,0.56
7/3/2020,0.56
7/3/2020,0.55
7/3/2020,0.55
7/3/2020,0.55
7/3/2020,0.55
7/3/2020,0.55
7/3/2020,0.55
7/3/2020,0.55
7/3/2020,0.55
7/3/2020,0.55
7/3/2020,0.55
7/3/2020,0.55
7/3/2020,0.58
7/3/2020,0.58
7/3/2020,0.58
7/3/2020,0.58
7/3/2020,0.58
7/3/2020,0.58
7/3/2020,0.57
7/3/2020,0.58
7/3/2020,0.57
7/3/2020,0.58
7/3/2020,0.57
7/3/2020,0.57
7/3/2020,0.57
7/3/2020,0.58
7/3/2020,0.58
7/3/2020,0.55
7/3/2020,0.54
7/3/2020,0.55
7/3/2020,0.55
7/3/2020,0.55
7/3/2020,0.54
7/3/2020,0.54
7/3/2020,0.54
7/3/2020,0.54
7/3/2020,0.54
7/3/2020,0.54
7/3/2020,0.54
7/3/2020,0.54
7/3/2020,0.54
7/3/2020,0.54
7/3/2020,0.54
7/3/2020,0.54
7/3/2020,0.54
7/3/2020,0.57
7/3/2020,0.56
7/3/2020,0.57
7/3/2020,0.56
7/3/2020,0.56
7/3/2020,0.58
7/3/2020,0.56
7/3/2020,0.59
7/3/2020,0.57
7/3/2020,0.59
7/3/2020,0.63
7/3/2020,0.62
7/3/2020,0.61
7/3/2020,0.61
7/3/2020,0.57
7/3/2020,0.58
7/3/2020,0.57
7/3/2020,0.58
7/3/2020,0.57
7/3/2020,0.58
7/3/2020,0.58
7/3/2020,0.59
7/3/2020,0.54
7/3/2020,0.56
7/3/2020,0.57
7/3/2020,0.61
7/3/2020,0.62
7/3/2020,0.61
7/3/2020,0.59
7/3/2020,0.6
7/3/2020,0.61
7/3/2020,0.6
7/3/2020,0.6
7/3/2020,0.56
7/3/2020,0.57
7/3/2020,0.56
7/3/2020,0.56
7/3/2020,0.55
7/3/2020,0.56
7/3/2020,0.52
7/3/2020,0.55
7/3/2020,0.52
7/3/2020,0.51
7/3/2020,0.51
7/3/2020,0.51
7/3/2020,0.51
7/3/2020,0.53
7/3/2020,0.53
7/3/2020,0.53
7/3/2020,0.53
7/3/2020,0.53
7/3/2020,0.53
7/3/2020,0.55
7/3/2020,0.57
7/3/2020,0.6
7/3/2020,0.62
7/3/2020,0.61
7/3/2020,0.6
7/3/2020,0.56
7/3/2020,0.56
7/3/2020,0.57
7/3/2020,0.55
7/3/2020,0.54
7/3/2020,0.54
7/3/2020,0.52
7/3/2020,0.54
7/3/2020,0.54
7/3/2020,0.54
7/3/2020,0.54
7/3/2020,0.55
7/3/2020,0.55
7/3/2020,0.54
7/3/2020,0.52
7/3/2020,0.55
7/3/2020,0.55
7/3/2020,0.56
7/3/2020,0.56
7/3/2020,0.56
7/3/2020,0.56
7/3/2020,0.54
7/3/2020,0.54
7/3/2020,0.54
7/3/2020,0.54
7/3/2020,0.53
7/3/2020,0.54
7/3/2020,0.54
7/3/2020,0.53
7/3/2020,0.54
7/3/2020,0.54
7/3/2020,0.54
7/3/2020,0.54
7/3/2020,0.52
7/3/2020,0.52
7/3/2020,0.54
7/3/2020,0.54
7/3/2020,0.54
7/3/2020,0.52
7/3/2020,0.54
7/3/2020,0.54
7/3/2020,0.54
7/3/2020,0.54
7/3/2020,0.53
7/3/2020,0.54
7/3/2020,0.53
7/3/2020,0.53
7/3/2020,0.54
7/3/2020,0.54
7/3/2020,0.53
7/3/2020,0.53
7/3/2020,0.53
7/3/2020,0.54
7/3/2020,0.53
7/3/2020,0.52
7/3/2020,0.53
7/3/2020,0.55
7/3/2020,0.58
7/3/2020,0.57
7/3/2020,0.55
7/3/2020,0.56
7/3/2020,0.55
7/3/2020,0.56
7/3/2020,0.56
7/3/2020,0.54
7/3/2020,0.56
7/3/2020,0.58
7/3/2020,0.56
7/3/2020,0.57
7/3/2020,0.57
7/3/2020,0.56
7/3/2020,0.55
7/3/2020,0.57
7/3/2020,0.56
7/3/2020,0.54
7/3/2020,0.56
7/3/2020,0.56
7/3/2020,0.56
7/3/2020,0.56
7/3/2020,0.56
7/3/2020,0.57
7/3/2020,0.57
7/3/2020,0.57
7/3/2020,0.56
7/3/2020,0.56
7/3/2020,0.57
7/3/2020,0.57
7/3/2020,0.57
7/3/2020,0.55
7/3/2020,0.56
7/3/2020,0.56
7/3/2020,0.54
7/3/2020,0.58
7/3/2020,0.55
7/3/2020,0.54
7/3/2020,0.56
7/3/2020,0.56
7/3/2020,0.56
7/3/2020,0.55
7/3/2020,0.54
7/3/2020,0.56
7/3/2020,0.55
7/3/2020,0.56
7/3/2020,0.56
7/3/2020,0.56
7/3/2020,0.55
7/3/2020,0.56
7/3/2020,0.55
7/3/2020,0.55
7/3/2020,0.55
7/3/2020,0.55
7/3/2020,0.55
7/3/2020,0.55
7/3/2020,0.55
7/3/2020,0.55
7/3/2020,0.55
7/3/2020,0.55
7/3/2020,0.55
7/3/2020,0.53
7/3/2020,0.53
7/3/2020,0.53
7/3/2020,0.53
7/3/2020,0.53
7/3/2020,0.53
7/3/2020,0.54
7/3/2020,0.54
7/3/2020,0.55
7/3/2020,0.55
7/3/2020,0.55
7/3/2020,0.55
7/3/2020,0.55
7/3/2020,0.54
7/3/2020,0.55
7/3/2020,0.53
7/3/2020,0.53
7/3/2020,0.54
7/3/2020,0.53
7/3/2020,0.53
7/3/2020,0.53
7/3/2020,0.53
7/3/2020,0.53
7/3/2020,0.53
7/3/2020,0.53
7/3/2020,0.53
7/3/2020,0.53
7/3/2020,0.53
7/3/2020,0.53
7/3/2020,0.54
7/3/2020,0.53
7/3/2020,0.53
7/3/2020,0.53
7/3/2020,0.53
7/3/2020,0.53
7/3/2020,0.53
7/3/2020,0.53
7/3/2020,0.53
7/3/2020,0.53
7/3/2020,0.53
7/3/2020,0.53
7/3/2020,0.54
7/3/2020,0.54
7/3/2020,0.54
7/3/2020,0.54
7/3/2020,0.54
7/3/2020,0.54
7/3/2020,0.54
7/3/2020,0.54
7/3/2020,0.54
7/3/2020,0.54
7/3/2020,0.54
7/3/2020,0.54
7/3/2020,0.54
7/3/2020,0.54
7/3/2020,0.54
7/3/2020,0.54
7/3/2020,0.54
7/3/2020,0.54
7/3/2020,0.54
7/3/2020,0.54
7/3/2020,0.53
7/3/2020,0.53
7/3/2020,0.53
7/3/2020,0.53
7/3/2020,0.53
7/3/2020,0.53
7/3/2020,0.53
7/3/2020,0.54
7/3/2020,0.53
7/3/2020,0.54
7/3/2020,0.53
7/3/2020,0.53
7/3/2020,0.53
7/3/2020,0.54
7/3/2020,0.53
7/3/2020,0.54
7/3/2020,0.54
7/3/2020,0.54
7/3/2020,0.54
7/3/2020,0.54
7/3/2020,0.54
7/3/2020,0.53
7/3/2020,0.53
7/3/2020,0.53
7/3/2020,0.53
7/3/2020,0.53
7/3/2020,0.53
7/3/2020,0.53
7/3/2020,0.53
7/3/2020,0.53
7/3/2020,0.54
7/3/2020,0.54
7/3/2020,0.54
7/3/2020,0.53
7/3/2020,0.53
7/3/2020,0.53
7/3/2020,0.52
7/3/2020,0.52
7/3/2020,0.52
7/3/2020,0.52
7/3/2020,0.53
7/3/2020,0.53
7/3/2020,0.52
7/3/2020,0.53
7/3/2020,0.53
7/3/2020,0.53
7/3/2020,0.53
7/3/2020,0.53
7/3/2020,0.53
7/3/2020,0.53
7/3/2020,0.53
7/3/2020,0.53
7/3/2020,0.53
7/3/2020,0.53
7/3/2020,0.53
7/3/2020,0.53
7/3/2020,0.53
7/3/2020,0.53
7/3/2020,0.53
7/3/2020,0.54
7/3/2020,0.54
7/3/2020,0.54
7/3/2020,0.54
7/3/2020,0.54
7/3/2020,0.54
7/3/2020,0.53
7/3/2020,0.54
7/3/2020,0.54
7/3/2020,0.53
7/3/2020,0.54
7/3/2020,0.54
7/3/2020,0.54
7/3/2020,0.54
7/3/2020,0.54
7/3/2020,0.54
7/3/2020,0.54
7/3/2020,0.54
7/3/2020,0.53
7/3/2020,0.53
7/3/2020,0.53
7/3/2020,0.53
7/3/2020,0.54
7/3/2020,0.53
7/3/2020,0.53
7/3/2020,0.54
7/3/2020,0.54
7/3/2020,0.54
7/3/2020,0.54
7/3/2020,0.53
7/3/2020,0.53
7/3/2020,0.54
7/3/2020,0.53
7/3/2020,0.54
7/3/2020,0.54
7/3/2020,0.54
7/3/2020,0.54
7/3/2020,0.54
7/3/2020,0.54
7/3/2020,0.54
7/3/2020,0.54
7/3/2020,0.54
7/3/2020,0.54
7/3/2020,0.54
7/3/2020,0.54
7/3/2020,0.54
7/3/2020,0.54
7/3/2020,0.54
7/3/2020,0.54
7/3/2020,0.54
7/3/2020,0.54
7/3/2020,0.54
7/3/2020,0.54
7/3/2020,0.54
7/3/2020,0.54
7/3/2020,0.54
7/3/2020,0.54
7/3/2020,0.54
7/3/2020,0.54
7/3/2020,0.53
7/3/2020,0.53
7/3/2020,0.53
7/3/2020,0.53
8/3/2020,0.54
8/3/2020,0.53
8/3/2020,0.53
8/3/2020,0.53
8/3/2020,0.53
8/3/2020,0.53
8/3/2020,0.53
8/3/2020,0.53
8/3/2020,0.53
8/3/2020,0.53
8/3/2020,0.53
8/3/2020,0.53
8/3/2020,0.53
8/3/2020,0.53
8/3/2020,0.53
8/3/2020,0.53
8/3/2020,0.53
8/3/2020,0.53
8/3/2020,0.53
8/3/2020,0.52
8/3/2020,0.52
8/3/2020,0.52
8/3/2020,0.52
8/3/2020,0.52
8/3/2020,0.52
8/3/2020,0.52
8/3/2020,0.52
8/3/2020,0.52
8/3/2020,0.52
8/3/2020,0.52
8/3/2020,0.52
8/3/2020,0.52
8/3/2020,0.52
8/3/2020,0.52
8/3/2020,0.52
8/3/2020,0.52
8/3/2020,0.52
8/3/2020,0.52
8/3/2020,0.52
8/3/2020,0.52
8/3/2020,0.52
8/3/2020,0.52
8/3/2020,0.52
8/3/2020,0.52
8/3/2020,0.52
8/3/2020,0.52
8/3/2020,0.52
8/3/2020,0.52
8/3/2020,0.52
8/3/2020,0.52
8/3/2020,0.52
8/3/2020,0.52
8/3/2020,0.52
8/3/2020,0.52
8/3/2020,0.52
8/3/2020,0.52
8/3/2020,0.52
8/3/2020,0.52
8/3/2020,0.52
8/3/2020,0.52
8/3/2020,0.52
8/3/2020,0.52
8/3/2020,0.52
8/3/2020,0.53
8/3/2020,0.52
8/3/2020,0.52
8/3/2020,0.52
8/3/2020,0.52
8/3/2020,0.52
8/3/2020,0.52
8/3/2020,0.52
8/3/2020,0.52
8/3/2020,0.52
8/3/2020,0.52
8/3/2020,0.52
8/3/2020,0.52
8/3/2020,0.52
8/3/2020,0.52
8/3/2020,0.52
8/3/2020,0.52
8/3/2020,0.52
8/3/2020,0.52
8/3/2020,0.52
8/3/2020,0.52
8/3/2020,0.53
8/3/2020,0.52
8/3/2020,0.53
8/3/2020,0.53
8/3/2020,0.52
8/3/2020,0.53
8/3/2020,0.52
8/3/2020,0.52
8/3/2020,0.53
8/3/2020,0.52
8/3/2020,0.52
8/3/2020,0.52
8/3/2020,0.53
8/3/2020,0.53
8/3/2020,0.53
8/3/2020,0.53
8/3/2020,0.53
8/3/2020,0.53
8/3/2020,0.53
8/3/2020,0.53
8/3/2020,0.53
8/3/2020,0.53
8/3/2020,0.53
8/3/2020,0.53
8/3/2020,0.53
8/3/2020,0.53
8/3/2020,0.53
8/3/2020,0.53
8/3/2020,0.53
8/3/2020,0.53
8/3/2020,0.53
8/3/2020,0.53
8/3/2020,0.53
8/3/2020,0.53
8/3/2020,0.53
8/3/2020,0.53
8/3/2020,0.53
8/3/2020,0.53
8/3/2020,0.53
8/3/2020,0.53
8/3/2020,0.53
8/3/2020,0.53
8/3/2020,0.53
8/3/2020,0.53
8/3/2020,0.53
8/3/2020,0.53
8/3/2020,0.52
8/3/2020,0.52
8/3/2020,0.52
8/3/2020,0.52
8/3/2020,0.52
8/3/2020,0.52
8/3/2020,0.52
8/3/2020,0.52
8/3/2020,0.52
8/3/2020,0.52
8/3/2020,0.52
8/3/2020,0.52
8/3/2020,0.52
8/3/2020,0.52
8/3/2020,0.52
8/3/2020,0.52
8/3/2020,0.52
8/3/2020,0.53
8/3/2020,0.52
8/3/2020,0.52
8/3/2020,0.52
8/3/2020,0.52
8/3/2020,0.52
8/3/2020,0.52
8/3/2020,0.52
8/3/2020,0.52
8/3/2020,0.52
8/3/2020,0.52
8/3/2020,0.52
8/3/2020,0.52
8/3/2020,0.52
8/3/2020,0.52
8/3/2020,0.52
8/3/2020,0.52
8/3/2020,0.52
8/3/2020,0.52
8/3/2020,0.52
8/3/2020,0.52
8/3/2020,0.52
8/3/2020,0.52
8/3/2020,0.52
8/3/2020,0.52
8/3/2020,0.52
8/3/2020,0.52
8/3/2020,0.52
8/3/2020,0.53
8/3/2020,0.53
8/3/2020,0.52
8/3/2020,0.52
8/3/2020,0.52
8/3/2020,0.52
8/3/2020,0.52
8/3/2020,0.52
8/3/2020,0.53
8/3/2020,0.52
8/3/2020,0.51
8/3/2020,0.51
8/3/2020,0.52
8/3/2020,0.52
8/3/2020,0.52
8/3/2020,0.52
8/3/2020,0.52
8/3/2020,0.52
8/3/2020,0.52
8/3/2020,0.52
8/3/2020,0.52
8/3/2020,0.52
8/3/2020,0.52
8/3/2020,0.52
8/3/2020,0.52
8/3/2020,0.52
8/3/2020,0.52
8/3/2020,0.52
8/3/2020,0.52
8/3/2020,0.52
8/3/2020,0.52
8/3/2020,0.52
8/3/2020,0.52
8/3/2020,0.52
8/3/2020,0.52
8/3/2020,0.52
8/3/2020,0.52
8/3/2020,0.52
8/3/2020,0.52
8/3/2020,0.54
8/3/2020,0.54
8/3/2020,0.54
8/3/2020,0.54
8/3/2020,0.54
8/3/2020,0.54
8/3/2020,0.54
8/3/2020,0.54
8/3/2020,0.54
8/3/2020,0.54
8/3/2020,0.54
8/3/2020,0.54
8/3/2020,0.53
8/3/2020,0.53
8/3/2020,0.53
8/3/2020,0.53
8/3/2020,0.54
8/3/2020,0.54
8/3/2020,0.54
8/3/2020,0.53
8/3/2020,0.54
8/3/2020,0.53
8/3/2020,0.53
8/3/2020,0.53
8/3/2020,0.53
8/3/2020,0.54
8/3/2020,0.53
8/3/2020,0.53
8/3/2020,0.53
8/3/2020,0.53
8/3/2020,0.54
8/3/2020,0.54
8/3/2020,0.53
8/3/2020,0.53
8/3/2020,0.53
8/3/2020,0.53
8/3/2020,0.53
8/3/2020,0.53
8/3/2020,0.53
8/3/2020,0.53
8/3/2020,0.53
8/3/2020,0.53
8/3/2020,0.53
8/3/2020,0.53
8/3/2020,0.53
8/3/2020,0.53
8/3/2020,0.53
8/3/2020,0.53
8/3/2020,0.53
8/3/2020,0.53
8/3/2020,0.53
8/3/2020,0.53
8/3/2020,0.53
8/3/2020,0.53
8/3/2020,0.53
8/3/2020,0.53
8/3/2020,0.53
8/3/2020,0.53
8/3/2020,0.53
8/3/2020,0.53
8/3/2020,0.53
8/3/2020,0.53
8/3/2020,0.54
8/3/2020,0.53
8/3/2020,0.53
8/3/2020,0.53
8/3/2020,0.54
8/3/2020,0.54
8/3/2020,0.53
8/3/2020,0.54
8/3/2020,0.53
8/3/2020,0.53
8/3/2020,0.52
8/3/2020,0.53
8/3/2020,0.53
8/3/2020,0.53
8/3/2020,0.53
8/3/2020,0.52
8/3/2020,0.54
8/3/2020,0.55
8/3/2020,0.56
8/3/2020,0.56
8/3/2020,0.57
8/3/2020,0.58
8/3/2020,0.62
8/3/2020,0.62
8/3/2020,0.62
8/3/2020,0.61
8/3/2020,0.61
8/3/2020,0.61
8/3/2020,0.61
8/3/2020,0.61
8/3/2020,0.61
8/3/2020,0.6
8/3/2020,0.56
8/3/2020,0.56
8/3/2020,0.57
8/3/2020,0.56
8/3/2020,0.59
8/3/2020,0.57
8/3/2020,0.54
8/3/2020,0.55
8/3/2020,0.55
8/3/2020,0.55
8/3/2020,0.54
8/3/2020,0.58
8/3/2020,0.61
8/3/2020,0.62
8/3/2020,0.62
8/3/2020,0.6
8/3/2020,0.6
8/3/2020,0.6
8/3/2020,0.61
8/3/2020,0.6
8/3/2020,0.6
8/3/2020,0.61
8/3/2020,0.58
8/3/2020,0.59
8/3/2020,0.57
8/3/2020,0.57
8/3/2020,0.56
8/3/2020,0.52
8/3/2020,0.52
8/3/2020,0.52
8/3/2020,0.52
8/3/2020,0.52
8/3/2020,0.53
8/3/2020,0.54
8/3/2020,0.57
8/3/2020,0.59
8/3/2020,0.59
8/3/2020,0.57
8/3/2020,0.6
8/3/2020,0.61
8/3/2020,0.59
8/3/2020,0.59
8/3/2020,0.56
8/3/2020,0.55
8/3/2020,0.58
8/3/2020,0.58
8/3/2020,0.58
8/3/2020,0.56
8/3/2020,0.57
8/3/2020,0.54
8/3/2020,0.57
8/3/2020,0.56
8/3/2020,0.55
8/3/2020,0.54
8/3/2020,0.52
8/3/2020,0.51
8/3/2020,0.52
8/3/2020,0.51
8/3/2020,0.56
8/3/2020,0.59
8/3/2020,0.57
8/3/2020,0.58
8/3/2020,0.54
8/3/2020,0.52
8/3/2020,0.51
8/3/2020,0.55
8/3/2020,0.55
8/3/2020,0.56
8/3/2020,0.5
8/3/2020,0.49
8/3/2020,0.49
8/3/2020,0.49
8/3/2020,0.49
8/3/2020,0.5
8/3/2020,0.5
8/3/2020,0.5
8/3/2020,0.54
8/3/2020,0.54
8/3/2020,0.55
8/3/2020,0.54
8/3/2020,0.52
8/3/2020,0.51
8/3/2020,0.51
8/3/2020,0.51
8/3/2020,0.51
8/3/2020,0.5
8/3/2020,0.5
8/3/2020,0.5
8/3/2020,0.5
8/3/2020,0.5
8/3/2020,0.5
8/3/2020,0.5
8/3/2020,0.5
8/3/2020,0.5
8/3/2020,0.5
8/3/2020,0.5
8/3/2020,0.5
8/3/2020,0.5
8/3/2020,0.5
8/3/2020,0.5
8/3/2020,0.51
8/3/2020,0.51
8/3/2020,0.51
8/3/2020,0.51
8/3/2020,0.51
8/3/2020,0.51
8/3/2020,0.5
8/3/2020,0.5
8/3/2020,0.5
8/3/2020,0.51
8/3/2020,0.5
8/3/2020,0.5
8/3/2020,0.51
8/3/2020,0.51
8/3/2020,0.5
8/3/2020,0.5
8/3/2020,0.51
8/3/2020,0.51
8/3/2020,0.5
8/3/2020,0.5
8/3/2020,0.51
8/3/2020,0.5
8/3/2020,0.51
8/3/2020,0.51
8/3/2020,0.51
8/3/2020,0.51
8/3/2020,0.5
8/3/2020,0.51
8/3/2020,0.51
8/3/2020,0.51
8/3/2020,0.51
8/3/2020,0.5
8/3/2020,0.52
8/3/2020,0.58
8/3/2020,0.57
8/3/2020,0.53
8/3/2020,0.53
8/3/2020,0.55
8/3/2020,0.54
8/3/2020,0.57
8/3/2020,0.52
8/3/2020,0.52
8/3/2020,0.5
8/3/2020,0.5
8/3/2020,0.5
8/3/2020,0.5
8/3/2020,0.5
8/3/2020,0.5
8/3/2020,0.5
8/3/2020,0.5
8/3/2020,0.5
8/3/2020,0.5
8/3/2020,0.49
8/3/2020,0.49
8/3/2020,0.49
8/3/2020,0.49
8/3/2020,0.49
8/3/2020,0.49
8/3/2020,0.49
8/3/2020,0.49
8/3/2020,0.49
8/3/2020,0.49
8/3/2020,0.49
8/3/2020,0.49
8/3/2020,0.49
8/3/2020,0.49
8/3/2020,0.49
8/3/2020,0.49
8/3/2020,0.49
8/3/2020,0.49
8/3/2020,0.49
8/3/2020,0.49
8/3/2020,0.49
8/3/2020,0.49
8/3/2020,0.49
8/3/2020,0.49
8/3/2020,0.49
8/3/2020,0.49
8/3/2020,0.49
8/3/2020,0.49
8/3/2020,0.49
8/3/2020,0.49
8/3/2020,0.49
8/3/2020,0.49
8/3/2020,0.49
8/3/2020,0.49
8/3/2020,0.5
8/3/2020,0.49
8/3/2020,0.49
8/3/2020,0.49
8/3/2020,0.5
8/3/2020,0.49
8/3/2020,0.5
8/3/2020,0.5
8/3/2020,0.5
8/3/2020,0.5
8/3/2020,0.49
8/3/2020,0.5
8/3/2020,0.49
8/3/2020,0.49
8/3/2020,0.5
8/3/2020,0.49
8/3/2020,0.5
8/3/2020,0.5
8/3/2020,0.5
8/3/2020,0.5
8/3/2020,0.5
8/3/2020,0.5
8/3/2020,0.5
8/3/2020,0.49
8/3/2020,0.49
8/3/2020,0.49
8/3/2020,0.49
8/3/2020,0.49
8/3/2020,0.5
8/3/2020,0.5
8/3/2020,0.5
8/3/2020,0.5
8/3/2020,0.5
8/3/2020,0.5
8/3/2020,0.5
8/3/2020,0.5
8/3/2020,0.5
8/3/2020,0.51
8/3/2020,0.5
8/3/2020,0.49
8/3/2020,0.49
8/3/2020,0.49
8/3/2020,0.49
8/3/2020,0.49
8/3/2020,0.49
8/3/2020,0.49
8/3/2020,0.49
8/3/2020,0.5
8/3/2020,0.51
8/3/2020,0.51
8/3/2020,0.51
8/3/2020,0.54
8/3/2020,0.54
8/3/2020,0.53
8/3/2020,0.54
8/3/2020,0.54
8/3/2020,0.51
8/3/2020,0.53
8/3/2020,0.51
8/3/2020,0.51
8/3/2020,0.51
8/3/2020,0.51
8/3/2020,0.52
8/3/2020,0.5
8/3/2020,0.5
8/3/2020,0.53
8/3/2020,0.5
8/3/2020,0.5
8/3/2020,0.5
8/3/2020,0.5
8/3/2020,0.5
8/3/2020,0.5
8/3/2020,0.5
8/3/2020,0.5
8/3/2020,0.5
8/3/2020,0.5
8/3/2020,0.5
8/3/2020,0.5
8/3/2020,0.5
8/3/2020,0.5
8/3/2020,0.51
8/3/2020,0.52
8/3/2020,0.5
8/3/2020,0.51
8/3/2020,0.51
8/3/2020,0.51
8/3/2020,0.5
8/3/2020,0.5
8/3/2020,0.5
8/3/2020,0.51
8/3/2020,0.5
8/3/2020,0.5
8/3/2020,0.51
8/3/2020,0.51
8/3/2020,0.5
8/3/2020,0.5
8/3/2020,0.49
8/3/2020,0.49
8/3/2020,0.49
8/3/2020,0.49
8/3/2020,0.49
8/3/2020,0.48
8/3/2020,0.48
8/3/2020,0.48
8/3/2020,0.48
8/3/2020,0.48
8/3/2020,0.49
8/3/2020,0.49
8/3/2020,0.49
8/3/2020,0.49
8/3/2020,0.49
8/3/2020,0.49
8/3/2020,0.49
8/3/2020,0.48
8/3/2020,0.48
8/3/2020,0.48
8/3/2020,0.48
8/3/2020,0.48
8/3/2020,0.49
8/3/2020,0.48
8/3/2020,0.48
8/3/2020,0.48
8/3/2020,0.48
8/3/2020,0.48
8/3/2020,0.47
8/3/2020,0.47
8/3/2020,0.47
8/3/2020,0.47
8/3/2020,0.47
8/3/2020,0.47
8/3/2020,0.47
8/3/2020,0.47
8/3/2020,0.47
8/3/2020,0.47
8/3/2020,0.47
8/3/2020,0.47
8/3/2020,0.47
8/3/2020,0.47
8/3/2020,0.47
8/3/2020,0.47
8/3/2020,0.47
8/3/2020,0.47
8/3/2020,0.47
8/3/2020,0.47
8/3/2020,0.47
8/3/2020,0.47
8/3/2020,0.47
8/3/2020,0.47
8/3/2020,0.47
8/3/2020,0.47
8/3/2020,0.47
8/3/2020,0.47
8/3/2020,0.47
8/3/2020,0.47
8/3/2020,0.47
8/3/2020,0.47
8/3/2020,0.47
8/3/2020,0.47
8/3/2020,0.47
8/3/2020,0.48
8/3/2020,0.47
8/3/2020,0.47
8/3/2020,0.47
8/3/2020,0.47
8/3/2020,0.46
8/3/2020,0.46
8/3/2020,0.46
8/3/2020,0.46
8/3/2020,0.46
8/3/2020,0.46
8/3/2020,0.46
8/3/2020,0.46
8/3/2020,0.46
8/3/2020,0.46
8/3/2020,0.46
8/3/2020,0.46
8/3/2020,0.46
8/3/2020,0.46
8/3/2020,0.46
8/3/2020,0.46
8/3/2020,0.46
8/3/2020,0.46
8/3/2020,0.46
8/3/2020,0.46
8/3/2020,0.46
8/3/2020,0.46
8/3/2020,0.46
8/3/2020,0.46
8/3/2020,0.46
8/3/2020,0.45
8/3/2020,0.46
8/3/2020,0.45
8/3/2020,0.46
8/3/2020,0.46
8/3/2020,0.46
8/3/2020,0.45
8/3/2020,0.45
8/3/2020,0.45
8/3/2020,0.45
8/3/2020,0.45
8/3/2020,0.45
8/3/2020,0.45
8/3/2020,0.45
8/3/2020,0.44
8/3/2020,0.44
8/3/2020,0.45
8/3/2020,0.45
8/3/2020,0.45
8/3/2020,0.45
8/3/2020,0.45
8/3/2020,0.45
8/3/2020,0.45
8/3/2020,0.45
8/3/2020,0.45
8/3/2020,0.45
8/3/2020,0.45
8/3/2020,0.45
8/3/2020,0.45
8/3/2020,0.45
8/3/2020,0.45
8/3/2020,0.45
8/3/2020,0.45
8/3/2020,0.45
8/3/2020,0.45
8/3/2020,0.45
8/3/2020,0.45
8/3/2020,0.45
8/3/2020,0.45
8/3/2020,0.45
8/3/2020,0.44
8/3/2020,0.45
8/3/2020,0.46
8/3/2020,0.44
8/3/2020,0.44
8/3/2020,0.45
8/3/2020,0.44
8/3/2020,0.45
8/3/2020,0.45
8/3/2020,0.45
8/3/2020,0.44
8/3/2020,0.45
8/3/2020,0.44
8/3/2020,0.45
8/3/2020,0.45
8/3/2020,0.45
8/3/2020,0.45
8/3/2020,0.44
8/3/2020,0.44
8/3/2020,0.44
8/3/2020,0.44
8/3/2020,0.44
8/3/2020,0.44
8/3/2020,0.44
8/3/2020,0.44
8/3/2020,0.44
8/3/2020,0.44
8/3/2020,0.44
8/3/2020,0.45
8/3/2020,0.45
8/3/2020,0.45
8/3/2020,0.44
8/3/2020,0.44
8/3/2020,0.44
8/3/2020,0.44
8/3/2020,0.44
8/3/2020,0.44
8/3/2020,0.44
8/3/2020,0.44
8/3/2020,0.44
8/3/2020,0.44
8/3/2020,0.44
8/3/2020,0.44
8/3/2020,0.45
8/3/2020,0.44
8/3/2020,0.44
8/3/2020,0.44
8/3/2020,0.44
8/3/2020,0.44
8/3/2020,0.44
8/3/2020,0.44
8/3/2020,0.44
8/3/2020,0.44
8/3/2020,0.44
8/3/2020,0.44
8/3/2020,0.44
8/3/2020,0.44
8/3/2020,0.44
8/3/2020,0.44
8/3/2020,0.44
8/3/2020,0.44
8/3/2020,0.44
8/3/2020,0.44
8/3/2020,0.44
8/3/2020,0.44
8/3/2020,0.44
8/3/2020,0.44
8/3/2020,0.44
8/3/2020,0.44
8/3/2020,0.44
8/3/2020,0.44
8/3/2020,0.44
8/3/2020,0.44
8/3/2020,0.44
8/3/2020,0.45
8/3/2020,0.44
8/3/2020,0.44
8/3/2020,0.44
8/3/2020,0.44
8/3/2020,0.44
8/3/2020,0.44
8/3/2020,0.44
8/3/2020,0.44
8/3/2020,0.44
8/3/2020,0.44
8/3/2020,0.44
8/3/2020,0.44
8/3/2020,0.43
8/3/2020,0.44
8/3/2020,0.43
8/3/2020,0.44
8/3/2020,0.43
8/3/2020,0.43
8/3/2020,0.43
8/3/2020,0.43
8/3/2020,0.43
8/3/2020,0.43
8/3/2020,0.43
8/3/2020,0.43
8/3/2020,0.43
8/3/2020,0.43
8/3/2020,0.43
8/3/2020,0.43
8/3/2020,0.43
8/3/2020,0.43
8/3/2020,0.43
8/3/2020,0.43
8/3/2020,0.43
8/3/2020,0.43
8/3/2020,0.43
8/3/2020,0.43
8/3/2020,0.43
8/3/2020,0.43
8/3/2020,0.43
8/3/2020,0.43
8/3/2020,0.44
8/3/2020,0.43
8/3/2020,0.43
8/3/2020,0.43
8/3/2020,0.43
8/3/2020,0.43
8/3/2020,0.43
8/3/2020,0.43
8/3/2020,0.43
8/3/2020,0.43
8/3/2020,0.43
8/3/2020,0.43
8/3/2020,0.43
8/3/2020,0.43
8/3/2020,0.43
8/3/2020,0.43
8/3/2020,0.43
8/3/2020,0.43
8/3/2020,0.43
8/3/2020,0.43
8/3/2020,0.43
8/3/2020,0.43
8/3/2020,0.43
8/3/2020,0.43
8/3/2020,0.43
8/3/2020,0.43
8/3/2020,0.43
8/3/2020,0.43
8/3/2020,0.43
8/3/2020,0.43
8/3/2020,0.43
8/3/2020,0.43
8/3/2020,0.42
8/3/2020,0.43
8/3/2020,0.42
8/3/2020,0.42
8/3/2020,0.42
8/3/2020,0.42
8/3/2020,0.42
8/3/2020,0.42
8/3/2020,0.43
8/3/2020,0.43
8/3/2020,0.42
8/3/2020,0.42
8/3/2020,0.42
8/3/2020,0.42
8/3/2020,0.42
8/3/2020,0.42
8/3/2020,0.42
8/3/2020,0.42
8/3/2020,0.42
8/3/2020,0.42
8/3/2020,0.42
8/3/2020,0.42
8/3/2020,0.42
8/3/2020,0.42
8/3/2020,0.42
8/3/2020,0.42
8/3/2020,0.42
8/3/2020,0.42
8/3/2020,0.42
8/3/2020,0.42
8/3/2020,0.42
8/3/2020,0.42
8/3/2020,0.42
8/3/2020,0.42
8/3/2020,0.42
8/3/2020,0.42
8/3/2020,0.42
8/3/2020,0.42
8/3/2020,0.42
8/3/2020,0.42
8/3/2020,0.43
8/3/2020,0.42
8/3/2020,0.42
8/3/2020,0.42
8/3/2020,0.42
8/3/2020,0.42
8/3/2020,0.42
8/3/2020,0.42
8/3/2020,0.42
8/3/2020,0.42
8/3/2020,0.42
8/3/2020,0.42
8/3/2020,0.42
8/3/2020,0.42
8/3/2020,0.42
8/3/2020,0.42
8/3/2020,0.42
8/3/2020,0.42
8/3/2020,0.42
8/3/2020,0.42
8/3/2020,0.42
8/3/2020,0.42
8/3/2020,0.42
8/3/2020,0.42
8/3/2020,0.42
8/3/2020,0.42
8/3/2020,0.42
8/3/2020,0.42
8/3/2020,0.42
8/3/2020,0.42
8/3/2020,0.42
8/3/2020,0.42
8/3/2020,0.42
8/3/2020,0.42
8/3/2020,0.42
8/3/2020,0.42
8/3/2020,0.42
8/3/2020,0.42
8/3/2020,0.42
8/3/2020,0.42
8/3/2020,0.42
8/3/2020,0.43
8/3/2020,0.42
8/3/2020,0.42
8/3/2020,0.41
8/3/2020,0.41
8/3/2020,0.41
8/3/2020,0.41
8/3/2020,0.41
8/3/2020,0.42
8/3/2020,0.41
8/3/2020,0.41
8/3/2020,0.41
8/3/2020,0.41
8/3/2020,0.41
8/3/2020,0.41
8/3/2020,0.41
8/3/2020,0.41
8/3/2020,0.41
8/3/2020,0.41
8/3/2020,0.41
8/3/2020,0.41
8/3/2020,0.41
8/3/2020,0.41
8/3/2020,0.41
8/3/2020,0.41
8/3/2020,0.41
8/3/2020,0.41
8/3/2020,0.41
8/3/2020,0.41
8/3/2020,0.41
8/3/2020,0.41
8/3/2020,0.42
8/3/2020,0.41
8/3/2020,0.41
8/3/2020,0.41
8/3/2020,0.41
8/3/2020,0.41
8/3/2020,0.41
8/3/2020,0.41
8/3/2020,0.41
8/3/2020,0.41
8/3/2020,0.41
8/3/2020,0.41
8/3/2020,0.41
8/3/2020,0.41
8/3/2020,0.41
8/3/2020,0.41
8/3/2020,0.41
8/3/2020,0.41
8/3/2020,0.41
8/3/2020,0.41
8/3/2020,0.41
8/3/2020,0.41
8/3/2020,0.41
8/3/2020,0.41
8/3/2020,0.41
8/3/2020,0.41
8/3/2020,0.41
8/3/2020,0.41
8/3/2020,0.41
8/3/2020,0.41
8/3/2020,0.41
8/3/2020,0.41
8/3/2020,0.41
8/3/2020,0.42
8/3/2020,0.41
8/3/2020,0.41
8/3/2020,0.42
8/3/2020,0.41
8/3/2020,0.41
8/3/2020,0.42
8/3/2020,0.41
8/3/2020,0.42
8/3/2020,0.41
8/3/2020,0.41
8/3/2020,0.41
8/3/2020,0.41
8/3/2020,0.41
8/3/2020,0.41
8/3/2020,0.41
8/3/2020,0.41
8/3/2020,0.41
8/3/2020,0.41
8/3/2020,0.41
8/3/2020,0.41
8/3/2020,0.41
8/3/2020,0.41
8/3/2020,0.41
8/3/2020,0.41
8/3/2020,0.41
8/3/2020,0.41
8/3/2020,0.41
8/3/2020,0.41
8/3/2020,0.41
8/3/2020,0.41
8/3/2020,0.41
8/3/2020,0.41
8/3/2020,0.41
8/3/2020,0.41
8/3/2020,0.41
8/3/2020,0.41
8/3/2020,0.41
8/3/2020,0.41
8/3/2020,0.41
8/3/2020,0.41
8/3/2020,0.41
8/3/2020,0.41
8/3/2020,0.41
8/3/2020,0.4
8/3/2020,0.4
8/3/2020,0.39
8/3/2020,0.4
8/3/2020,0.4
8/3/2020,0.41
8/3/2020,0.4
8/3/2020,0.4
8/3/2020,0.4
8/3/2020,0.4
8/3/2020,0.4
8/3/2020,0.4
8/3/2020,0.4
8/3/2020,0.4
8/3/2020,0.4
8/3/2020,0.4
8/3/2020,0.4
8/3/2020,0.4
8/3/2020,0.4
8/3/2020,0.4
8/3/2020,0.4
8/3/2020,0.4
8/3/2020,0.4
8/3/2020,0.4
8/3/2020,0.4
8/3/2020,0.4
8/3/2020,0.4
8/3/2020,0.4
8/3/2020,0.4
8/3/2020,0.4
8/3/2020,0.39
8/3/2020,0.39
8/3/2020,0.39
8/3/2020,0.39
8/3/2020,0.39
8/3/2020,0.39
8/3/2020,0.4
8/3/2020,0.39
8/3/2020,0.39
8/3/2020,0.39
8/3/2020,0.39
8/3/2020,0.39
8/3/2020,0.39
8/3/2020,0.39
8/3/2020,0.39
8/3/2020,0.39
8/3/2020,0.39
8/3/2020,0.39
8/3/2020,0.39
8/3/2020,0.39
8/3/2020,0.39
8/3/2020,0.39
8/3/2020,0.39
8/3/2020,0.39
8/3/2020,0.39
8/3/2020,0.39
8/3/2020,0.39
8/3/2020,0.39
8/3/2020,0.39
8/3/2020,0.39
8/3/2020,0.39
8/3/2020,0.39
8/3/2020,0.39
8/3/2020,0.39
8/3/2020,0.39
8/3/2020,0.39
8/3/2020,0.39
8/3/2020,0.39
8/3/2020,0.39
8/3/2020,0.39
8/3/2020,0.39
8/3/2020,0.39
8/3/2020,0.39
8/3/2020,0.39
8/3/2020,0.39
8/3/2020,0.39
8/3/2020,0.4
8/3/2020,0.4
8/3/2020,0.39
8/3/2020,0.39
8/3/2020,0.39
8/3/2020,0.39
8/3/2020,0.39
8/3/2020,0.39
8/3/2020,0.39
8/3/2020,0.39
8/3/2020,0.39
8/3/2020,0.39
8/3/2020,0.39
8/3/2020,0.39
8/3/2020,0.4
8/3/2020,0.39
8/3/2020,0.39
8/3/2020,0.39
8/3/2020,0.39
8/3/2020,0.4
8/3/2020,0.39
8/3/2020,0.39
8/3/2020,0.4
8/3/2020,0.39
8/3/2020,0.39
8/3/2020,0.39
8/3/2020,0.39
8/3/2020,0.39
8/3/2020,0.39
8/3/2020,0.39
8/3/2020,0.39
8/3/2020,0.39
8/3/2020,0.4
8/3/2020,0.39
8/3/2020,0.39
8/3/2020,0.39
8/3/2020,0.39
8/3/2020,0.39
8/3/2020,0.39
8/3/2020,0.39
8/3/2020,0.39
8/3/2020,0.39
8/3/2020,0.41
8/3/2020,0.39
8/3/2020,0.39
8/3/2020,0.39
8/3/2020,0.39
8/3/2020,0.39
8/3/2020,0.39
8/3/2020,0.39
8/3/2020,0.39
8/3/2020,0.39
8/3/2020,0.39
8/3/2020,0.39
8/3/2020,0.39
8/3/2020,0.39
8/3/2020,0.39
8/3/2020,0.39
8/3/2020,0.39
8/3/2020,0.39
8/3/2020,0.39
8/3/2020,0.39
8/3/2020,0.39
8/3/2020,0.39
8/3/2020,0.39
8/3/2020,0.39
8/3/2020,0.39
8/3/2020,0.39
8/3/2020,0.39
8/3/2020,0.39
8/3/2020,0.39
8/3/2020,0.39
8/3/2020,0.39
8/3/2020,0.41
8/3/2020,0.39
8/3/2020,0.39
8/3/2020,0.4
8/3/2020,0.39
8/3/2020,0.39
8/3/2020,0.39
8/3/2020,0.39
8/3/2020,0.39
8/3/2020,0.39
8/3/2020,0.39
8/3/2020,0.39
8/3/2020,0.38
8/3/2020,0.38
8/3/2020,0.38
8/3/2020,0.38
8/3/2020,0.38
8/3/2020,0.37
8/3/2020,0.37
8/3/2020,0.36
8/3/2020,0.36
8/3/2020,0.35
8/3/2020,0.35
8/3/2020,0.35
8/3/2020,0.35
8/3/2020,0.35
8/3/2020,0.35
8/3/2020,0.35
8/3/2020,0.35
8/3/2020,0.35
8/3/2020,0.35
8/3/2020,0.34
8/3/2020,0.34
8/3/2020,0.34
8/3/2020,0.34
8/3/2020,0.34
8/3/2020,0.35
8/3/2020,0.35
8/3/2020,0.34
8/3/2020,0.35
8/3/2020,0.35
8/3/2020,0.36
8/3/2020,0.35
8/3/2020,0.35
8/3/2020,0.34
8/3/2020,0.34
8/3/2020,0.35
8/3/2020,0.34
8/3/2020,0.35
8/3/2020,0.34
8/3/2020,0.35
8/3/2020,0.35
8/3/2020,0.35
8/3/2020,0.35
8/3/2020,0.35
8/3/2020,0.35
8/3/2020,0.35
8/3/2020,0.35
8/3/2020,0.35
8/3/2020,0.35
8/3/2020,0.35
8/3/2020,0.35
8/3/2020,0.35
8/3/2020,0.35
8/3/2020,0.35
8/3/2020,0.35
8/3/2020,0.35
8/3/2020,0.35
8/3/2020,0.35
8/3/2020,0.35
8/3/2020,0.35
8/3/2020,0.35
8/3/2020,0.36
8/3/2020,0.35
8/3/2020,0.35
8/3/2020,0.35
8/3/2020,0.35
8/3/2020,0.35
8/3/2020,0.35
8/3/2020,0.35
8/3/2020,0.34
8/3/2020,0.34
8/3/2020,0.34
8/3/2020,0.35
8/3/2020,0.35
8/3/2020,0.35
8/3/2020,0.35
8/3/2020,0.35
8/3/2020,0.35
8/3/2020,0.35
8/3/2020,0.35
8/3/2020,0.35
8/3/2020,0.35
8/3/2020,0.35
8/3/2020,0.35
8/3/2020,0.35
8/3/2020,0.35
8/3/2020,0.35
8/3/2020,0.35
8/3/2020,0.35
8/3/2020,0.35
8/3/2020,0.35
8/3/2020,0.35
8/3/2020,0.35
8/3/2020,0.35
8/3/2020,0.36
8/3/2020,0.37
8/3/2020,0.37
8/3/2020,0.36
8/3/2020,0.36
8/3/2020,0.36
8/3/2020,0.36
8/3/2020,0.36
8/3/2020,0.37
8/3/2020,0.36
8/3/2020,0.36
8/3/2020,0.36
8/3/2020,0.36
8/3/2020,0.36
8/3/2020,0.36
8/3/2020,0.36
8/3/2020,0.36
8/3/2020,0.36
8/3/2020,0.36
8/3/2020,0.36
8/3/2020,0.36
8/3/2020,0.36
8/3/2020,0.36
8/3/2020,0.36
8/3/2020,0.36
8/3/2020,0.36
8/3/2020,0.36
8/3/2020,0.36
8/3/2020,0.36
8/3/2020,0.36
8/3/2020,0.36
8/3/2020,0.36
8/3/2020,0.36
8/3/2020,0.36
8/3/2020,0.36
8/3/2020,0.36
8/3/2020,0.36
8/3/2020,0.36
8/3/2020,0.36
8/3/2020,0.37
8/3/2020,0.36
8/3/2020,0.36
8/3/2020,0.36
8/3/2020,0.36
8/3/2020,0.36
8/3/2020,0.36
8/3/2020,0.36
8/3/2020,0.36
8/3/2020,0.36
8/3/2020,0.37
8/3/2020,0.36
8/3/2020,0.36
8/3/2020,0.36
8/3/2020,0.36
8/3/2020,0.36
8/3/2020,0.36
8/3/2020,0.36
8/3/2020,0.36
8/3/2020,0.36
8/3/2020,0.36
8/3/2020,0.36
8/3/2020,0.36
8/3/2020,0.36
8/3/2020,0.36
8/3/2020,0.36
8/3/2020,0.36
8/3/2020,0.35
8/3/2020,0.36
8/3/2020,0.36
8/3/2020,0.35
8/3/2020,0.35
8/3/2020,0.35
8/3/2020,0.35
8/3/2020,0.35
8/3/2020,0.35
8/3/2020,0.35
8/3/2020,0.35
8/3/2020,0.35
8/3/2020,0.35
8/3/2020,0.35
8/3/2020,0.36
8/3/2020,0.35
8/3/2020,0.35
8/3/2020,0.35
8/3/2020,0.35
8/3/2020,0.35
8/3/2020,0.35
8/3/2020,0.35
8/3/2020,0.35
8/3/2020,0.35
8/3/2020,0.35
8/3/2020,0.35
8/3/2020,0.35
8/3/2020,0.35
8/3/2020,0.35
8/3/2020,0.35
8/3/2020,0.35
8/3/2020,0.35
8/3/2020,0.35
8/3/2020,0.35
8/3/2020,0.35
8/3/2020,0.35
8/3/2020,0.35
8/3/2020,0.35
8/3/2020,0.35
8/3/2020,0.35
8/3/2020,0.35
8/3/2020,0.35
8/3/2020,0.35
8/3/2020,0.35
8/3/2020,0.35
8/3/2020,0.35
8/3/2020,0.35
8/3/2020,0.35
8/3/2020,0.35
8/3/2020,0.35
8/3/2020,0.35
8/3/2020,0.35
8/3/2020,0.35
8/3/2020,0.35
8/3/2020,0.35
8/3/2020,0.36
8/3/2020,0.35
8/3/2020,0.35
8/3/2020,0.35
8/3/2020,0.35
9/3/2020,0.35
9/3/2020,0.35
9/3/2020,0.35
9/3/2020,0.35
9/3/2020,0.34
9/3/2020,0.35
9/3/2020,0.34
9/3/2020,0.35
9/3/2020,0.35
9/3/2020,0.34
9/3/2020,0.35
9/3/2020,0.34
9/3/2020,0.34
9/3/2020,0.34
9/3/2020,0.34
9/3/2020,0.34
9/3/2020,0.35
9/3/2020,0.34
9/3/2020,0.34
9/3/2020,0.34
9/3/2020,0.34
9/3/2020,0.34
9/3/2020,0.34
9/3/2020,0.34
9/3/2020,0.34
9/3/2020,0.34
9/3/2020,0.34
9/3/2020,0.34
9/3/2020,0.34
9/3/2020,0.34
9/3/2020,0.34
9/3/2020,0.34
9/3/2020,0.34
9/3/2020,0.34
9/3/2020,0.34
9/3/2020,0.34
9/3/2020,0.34
9/3/2020,0.35
9/3/2020,0.34
9/3/2020,0.34
9/3/2020,0.34
9/3/2020,0.34
9/3/2020,0.34
9/3/2020,0.34
9/3/2020,0.34
9/3/2020,0.34
9/3/2020,0.34
9/3/2020,0.34
9/3/2020,0.34
9/3/2020,0.34
9/3/2020,0.34
9/3/2020,0.34
9/3/2020,0.34
9/3/2020,0.34
9/3/2020,0.34
9/3/2020,0.34
9/3/2020,0.34
9/3/2020,0.34
9/3/2020,0.34
9/3/2020,0.34
9/3/2020,0.34
9/3/2020,0.34
9/3/2020,0.34
9/3/2020,0.34
9/3/2020,0.34
9/3/2020,0.34
9/3/2020,0.34
9/3/2020,0.34
9/3/2020,0.34
9/3/2020,0.34
9/3/2020,0.34
9/3/2020,0.34
9/3/2020,0.34
9/3/2020,0.34
9/3/2020,0.34
9/3/2020,0.34
9/3/2020,0.34
9/3/2020,0.34
9/3/2020,0.34
9/3/2020,0.35
9/3/2020,0.34
9/3/2020,0.34
9/3/2020,0.34
9/3/2020,0.34
9/3/2020,0.34
9/3/2020,0.34
9/3/2020,0.34
9/3/2020,0.34
9/3/2020,0.34
9/3/2020,0.34
9/3/2020,0.34
9/3/2020,0.34
9/3/2020,0.34
9/3/2020,0.34
9/3/2020,0.34
9/3/2020,0.34
9/3/2020,0.34
9/3/2020,0.34
9/3/2020,0.34
9/3/2020,0.34
9/3/2020,0.34
9/3/2020,0.34
9/3/2020,0.34
9/3/2020,0.34
9/3/2020,0.34
9/3/2020,0.34
9/3/2020,0.34
9/3/2020,0.34
9/3/2020,0.34
9/3/2020,0.34
9/3/2020,0.34
9/3/2020,0.34
9/3/2020,0.34
9/3/2020,0.34
9/3/2020,0.34
9/3/2020,0.34
9/3/2020,0.34
9/3/2020,0.34
9/3/2020,0.33
9/3/2020,0.33
9/3/2020,0.33
9/3/2020,0.33
9/3/2020,0.33
9/3/2020,0.33
9/3/2020,0.33
9/3/2020,0.33
9/3/2020,0.33
9/3/2020,0.33
9/3/2020,0.33
9/3/2020,0.33
9/3/2020,0.33
9/3/2020,0.33
9/3/2020,0.33
9/3/2020,0.33
9/3/2020,0.33
9/3/2020,0.33
9/3/2020,0.33
9/3/2020,0.33
9/3/2020,0.33
9/3/2020,0.33
9/3/2020,0.33
9/3/2020,0.33
9/3/2020,0.33
9/3/2020,0.32
9/3/2020,0.33
9/3/2020,0.33
9/3/2020,0.33
9/3/2020,0.32
9/3/2020,0.33
9/3/2020,0.32
9/3/2020,0.32
9/3/2020,0.28
9/3/2020,0.3
9/3/2020,0.31
9/3/2020,0.31
9/3/2020,0.3
9/3/2020,0.3
9/3/2020,0.3
9/3/2020,0.3
9/3/2020,0.3
9/3/2020,0.3
9/3/2020,0.3
9/3/2020,0.3
9/3/2020,0.31
9/3/2020,0.3
9/3/2020,0.3
9/3/2020,0.3
9/3/2020,0.3
9/3/2020,0.3
9/3/2020,0.3
9/3/2020,0.29
9/3/2020,0.3
9/3/2020,0.3
9/3/2020,0.3
9/3/2020,0.3
9/3/2020,0.29
9/3/2020,0.3
9/3/2020,0.29
9/3/2020,0.29
9/3/2020,0.29
9/3/2020,0.3
9/3/2020,0.29
9/3/2020,0.29
9/3/2020,0.29
9/3/2020,0.29
9/3/2020,0.3
9/3/2020,0.3
9/3/2020,0.29
9/3/2020,0.3
9/3/2020,0.31
9/3/2020,0.3
9/3/2020,0.3
9/3/2020,0.3
9/3/2020,0.3
9/3/2020,0.3
9/3/2020,0.32
9/3/2020,0.3
9/3/2020,0.3
9/3/2020,0.3
9/3/2020,0.3
9/3/2020,0.3
9/3/2020,0.3
9/3/2020,0.3
9/3/2020,0.3
9/3/2020,0.3
9/3/2020,0.3
9/3/2020,0.3
9/3/2020,0.29
9/3/2020,0.29
9/3/2020,0.29
9/3/2020,0.29
9/3/2020,0.29
9/3/2020,0.29
9/3/2020,0.29
9/3/2020,0.29
9/3/2020,0.28
9/3/2020,0.29
9/3/2020,0.29
9/3/2020,0.28
9/3/2020,0.28
9/3/2020,0.28
9/3/2020,0.28
9/3/2020,0.28
9/3/2020,0.28
9/3/2020,0.27
9/3/2020,0.27
9/3/2020,0.27
9/3/2020,0.29
9/3/2020,0.27
9/3/2020,0.27
9/3/2020,0.27
9/3/2020,0.27
9/3/2020,0.27
9/3/2020,0.27
9/3/2020,0.27
9/3/2020,0.26
9/3/2020,0.26
9/3/2020,0.26
9/3/2020,0.26
9/3/2020,0.26
9/3/2020,0.26
9/3/2020,0.26
9/3/2020,0.26
9/3/2020,0.26
9/3/2020,0.26
9/3/2020,0.26
9/3/2020,0.26
9/3/2020,0.27
9/3/2020,0.27
9/3/2020,0.26
9/3/2020,0.27
9/3/2020,0.26
9/3/2020,0.26
9/3/2020,0.26
9/3/2020,0.26
9/3/2020,0.26
9/3/2020,0.26
9/3/2020,0.26
9/3/2020,0.26
9/3/2020,0.26
9/3/2020,0.26
9/3/2020,0.26
9/3/2020,0.26
9/3/2020,0.26
9/3/2020,0.26
9/3/2020,0.26
9/3/2020,0.27
9/3/2020,0.26
9/3/2020,0.26
9/3/2020,0.26
9/3/2020,0.27
9/3/2020,0.26
9/3/2020,0.26
9/3/2020,0.26
9/3/2020,0.26
9/3/2020,0.26
9/3/2020,0.26
9/3/2020,0.26
9/3/2020,0.26
9/3/2020,0.26
9/3/2020,0.26
9/3/2020,0.26
9/3/2020,0.26
9/3/2020,0.26
9/3/2020,0.26
9/3/2020,0.26
9/3/2020,0.26
9/3/2020,0.26
9/3/2020,0.26
9/3/2020,0.26
9/3/2020,0.26
9/3/2020,0.26
9/3/2020,0.27
9/3/2020,0.26
9/3/2020,0.26
9/3/2020,0.26
9/3/2020,0.26
9/3/2020,0.26
9/3/2020,0.26
9/3/2020,0.26
9/3/2020,0.26
9/3/2020,0.26
9/3/2020,0.28
9/3/2020,0.26
9/3/2020,0.26
9/3/2020,0.25
9/3/2020,0.25
9/3/2020,0.3
9/3/2020,0.26
9/3/2020,0.25
9/3/2020,0.26
9/3/2020,0.25
9/3/2020,0.25
9/3/2020,0.27
9/3/2020,0.25
9/3/2020,0.25
9/3/2020,0.25
9/3/2020,0.25
9/3/2020,0.25
9/3/2020,0.25
9/3/2020,0.25
9/3/2020,0.25
9/3/2020,0.25
9/3/2020,0.25
9/3/2020,0.25
9/3/2020,0.25
9/3/2020,0.24
9/3/2020,0.24
9/3/2020,0.24
9/3/2020,0.24
9/3/2020,0.24
9/3/2020,0.24
9/3/2020,0.24
9/3/2020,0.24
9/3/2020,0.24
9/3/2020,0.24
9/3/2020,0.24
9/3/2020,0.24
9/3/2020,0.24
9/3/2020,0.24
9/3/2020,0.24
9/3/2020,0.24
9/3/2020,0.24
9/3/2020,0.25
9/3/2020,0.25
9/3/2020,0.25
9/3/2020,0.24
9/3/2020,0.24
9/3/2020,0.24
9/3/2020,0.24
9/3/2020,0.24
9/3/2020,0.24
9/3/2020,0.24
9/3/2020,0.24
9/3/2020,0.24
9/3/2020,0.24
9/3/2020,0.25
9/3/2020,0.25
9/3/2020,0.25
9/3/2020,0.25
9/3/2020,0.25
9/3/2020,0.25
9/3/2020,0.25
9/3/2020,0.25
9/3/2020,0.25
9/3/2020,0.25
9/3/2020,0.27
9/3/2020,0.25
9/3/2020,0.25
9/3/2020,0.25
9/3/2020,0.25
9/3/2020,0.25
9/3/2020,0.25
9/3/2020,0.25
9/3/2020,0.26
9/3/2020,0.26
9/3/2020,0.25
9/3/2020,0.25
9/3/2020,0.25
9/3/2020,0.25
9/3/2020,0.25
9/3/2020,0.25
9/3/2020,0.25
9/3/2020,0.25
9/3/2020,0.25
9/3/2020,0.25
9/3/2020,0.25
9/3/2020,0.27
9/3/2020,0.25
9/3/2020,0.25
9/3/2020,0.25
9/3/2020,0.25
9/3/2020,0.25
9/3/2020,0.25
9/3/2020,0.25
9/3/2020,0.25
9/3/2020,0.25
9/3/2020,0.25
9/3/2020,0.25
9/3/2020,0.25
9/3/2020,0.25
9/3/2020,0.25
9/3/2020,0.25
9/3/2020,0.25
9/3/2020,0.25
9/3/2020,0.25
9/3/2020,0.25
9/3/2020,0.25
9/3/2020,0.27
9/3/2020,0.25
9/3/2020,0.25
9/3/2020,0.25
9/3/2020,0.24
9/3/2020,0.24
9/3/2020,0.24
9/3/2020,0.24
9/3/2020,0.24
9/3/2020,0.24
9/3/2020,0.24
9/3/2020,0.23
9/3/2020,0.23
9/3/2020,0.23
9/3/2020,0.24
9/3/2020,0.24
9/3/2020,0.23
9/3/2020,0.23
9/3/2020,0.24
9/3/2020,0.23
9/3/2020,0.23
9/3/2020,0.25
9/3/2020,0.23
9/3/2020,0.23
9/3/2020,0.23
9/3/2020,0.23
9/3/2020,0.23
9/3/2020,0.23
9/3/2020,0.24
9/3/2020,0.23
9/3/2020,0.23
9/3/2020,0.23
9/3/2020,0.24
9/3/2020,0.23
9/3/2020,0.23
9/3/2020,0.23
9/3/2020,0.23
9/3/2020,0.23
9/3/2020,0.23
9/3/2020,0.23
9/3/2020,0.23
9/3/2020,0.24
9/3/2020,0.25
9/3/2020,0.23
9/3/2020,0.23
9/3/2020,0.23
9/3/2020,0.23
9/3/2020,0.24
9/3/2020,0.23
9/3/2020,0.23
9/3/2020,0.23
9/3/2020,0.24
9/3/2020,0.23
9/3/2020,0.23
9/3/2020,0.23
9/3/2020,0.23
9/3/2020,0.23
9/3/2020,0.23
9/3/2020,0.23
9/3/2020,0.23
9/3/2020,0.23
9/3/2020,0.23
9/3/2020,0.23
9/3/2020,0.23
9/3/2020,0.23
9/3/2020,0.23
9/3/2020,0.23
9/3/2020,0.23
9/3/2020,0.23
9/3/2020,0.23
9/3/2020,0.23
9/3/2020,0.23
9/3/2020,0.24
9/3/2020,0.24
9/3/2020,0.23
9/3/2020,0.23
9/3/2020,0.23
9/3/2020,0.23
9/3/2020,0.23
9/3/2020,0.23
9/3/2020,0.23
9/3/2020,0.23
9/3/2020,0.23
9/3/2020,0.23
9/3/2020,0.25
9/3/2020,0.23
9/3/2020,0.23
9/3/2020,0.23
9/3/2020,0.23
9/3/2020,0.23
9/3/2020,0.23
9/3/2020,0.23
9/3/2020,0.23
9/3/2020,0.23
9/3/2020,0.23
9/3/2020,0.23
9/3/2020,0.23
9/3/2020,0.23
9/3/2020,0.23
9/3/2020,0.23
9/3/2020,0.23
9/3/2020,0.23
9/3/2020,0.23
9/3/2020,0.23
9/3/2020,0.23
9/3/2020,0.23
9/3/2020,0.23
9/3/2020,0.23
9/3/2020,0.23
9/3/2020,0.23
9/3/2020,0.23
9/3/2020,0.23
9/3/2020,0.23
9/3/2020,0.23
9/3/2020,0.23
9/3/2020,0.23
9/3/2020,0.23
9/3/2020,0.23
9/3/2020,0.23
9/3/2020,0.23
9/3/2020,0.23
9/3/2020,0.23
9/3/2020,0.23
9/3/2020,0.23
9/3/2020,0.23
9/3/2020,0.23
9/3/2020,0.23
9/3/2020,0.23
9/3/2020,0.23
9/3/2020,0.23
9/3/2020,0.23
9/3/2020,0.23
9/3/2020,0.23
9/3/2020,0.23
9/3/2020,0.23
9/3/2020,0.23
9/3/2020,0.23
9/3/2020,0.23
9/3/2020,0.23
9/3/2020,0.23
9/3/2020,0.23
9/3/2020,0.23
9/3/2020,0.23
9/3/2020,0.23
9/3/2020,0.23
9/3/2020,0.23
9/3/2020,0.23
9/3/2020,0.23
9/3/2020,0.23
9/3/2020,0.23
9/3/2020,0.23
9/3/2020,0.23
9/3/2020,0.23
9/3/2020,0.23
9/3/2020,0.23
9/3/2020,0.23
9/3/2020,0.23
9/3/2020,0.23
9/3/2020,0.23
9/3/2020,0.23
9/3/2020,0.23
9/3/2020,0.23
9/3/2020,0.23
9/3/2020,0.23
9/3/2020,0.23
9/3/2020,0.23
9/3/2020,0.23
9/3/2020,0.23
9/3/2020,0.23
9/3/2020,0.23
9/3/2020,0.23
9/3/2020,0.23
9/3/2020,0.23
9/3/2020,0.23
9/3/2020,0.23
9/3/2020,0.23
9/3/2020,0.23
9/3/2020,0.23
9/3/2020,0.26
9/3/2020,0.23
9/3/2020,0.23
9/3/2020,0.23
9/3/2020,0.23
9/3/2020,0.23
9/3/2020,0.23
9/3/2020,0.23
9/3/2020,0.23
9/3/2020,0.23
9/3/2020,0.23
9/3/2020,0.23
9/3/2020,0.22
9/3/2020,0.22
9/3/2020,0.22
9/3/2020,0.22
9/3/2020,0.22
9/3/2020,0.22
9/3/2020,0.22
9/3/2020,0.22
9/3/2020,0.22
9/3/2020,0.25
9/3/2020,0.22
9/3/2020,0.22
9/3/2020,0.22
9/3/2020,0.22
9/3/2020,0.22
9/3/2020,0.22
9/3/2020,0.22
9/3/2020,0.22
9/3/2020,0.22
9/3/2020,0.22
9/3/2020,0.22
9/3/2020,0.22
9/3/2020,0.22
9/3/2020,0.22
9/3/2020,0.22
9/3/2020,0.22
9/3/2020,0.22
9/3/2020,0.22
9/3/2020,0.22
9/3/2020,0.22
9/3/2020,0.22
9/3/2020,0.22
9/3/2020,0.22
9/3/2020,0.22
9/3/2020,0.22
9/3/2020,0.22
9/3/2020,0.22
9/3/2020,0.22
9/3/2020,0.22
9/3/2020,0.22
9/3/2020,0.22
9/3/2020,0.22
9/3/2020,0.22
9/3/2020,0.22
9/3/2020,0.22
9/3/2020,0.22
9/3/2020,0.22
9/3/2020,0.22
9/3/2020,0.22
9/3/2020,0.22
9/3/2020,0.24
9/3/2020,0.22
9/3/2020,0.22
9/3/2020,0.22
9/3/2020,0.22
9/3/2020,0.22
9/3/2020,0.22
9/3/2020,0.22
9/3/2020,0.22
9/3/2020,0.22
9/3/2020,0.22
9/3/2020,0.22
9/3/2020,0.22
9/3/2020,0.22
9/3/2020,0.22
9/3/2020,0.22
9/3/2020,0.22
9/3/2020,0.22
9/3/2020,0.22
9/3/2020,0.22
9/3/2020,0.22
9/3/2020,0.22
9/3/2020,0.22
9/3/2020,0.22
9/3/2020,0.22
9/3/2020,0.22
9/3/2020,0.22
9/3/2020,0.22
9/3/2020,0.22
9/3/2020,0.22
9/3/2020,0.22
9/3/2020,0.23
9/3/2020,0.22
9/3/2020,0.22
9/3/2020,0.22
9/3/2020,0.22
9/3/2020,0.22
9/3/2020,0.22
9/3/2020,0.21
9/3/2020,0.22
9/3/2020,0.22
9/3/2020,0.25
9/3/2020,0.22
9/3/2020,0.22
9/3/2020,0.22
9/3/2020,0.22
9/3/2020,0.22
9/3/2020,0.22
9/3/2020,0.22
9/3/2020,0.21
9/3/2020,0.22
9/3/2020,0.22
9/3/2020,0.22
9/3/2020,0.22
9/3/2020,0.21
9/3/2020,0.22
9/3/2020,0.21
9/3/2020,0.21
9/3/2020,0.21
9/3/2020,0.21
9/3/2020,0.21
9/3/2020,0.21
9/3/2020,0.22
9/3/2020,0.21
9/3/2020,0.22
9/3/2020,0.22
9/3/2020,0.21
9/3/2020,0.22
9/3/2020,0.22
9/3/2020,0.22
9/3/2020,0.22
9/3/2020,0.22
9/3/2020,0.23
9/3/2020,0.22
9/3/2020,0.21
9/3/2020,0.21
9/3/2020,0.21
9/3/2020,0.21
9/3/2020,0.21
9/3/2020,0.21
9/3/2020,0.21
9/3/2020,0.21
9/3/2020,0.22
9/3/2020,0.22
9/3/2020,0.22
9/3/2020,0.22
9/3/2020,0.22
9/3/2020,0.22
9/3/2020,0.22
9/3/2020,0.22
9/3/2020,0.22
9/3/2020,0.22
9/3/2020,0.22
9/3/2020,0.22
9/3/2020,0.22
9/3/2020,0.22
9/3/2020,0.22
9/3/2020,0.22
9/3/2020,0.22
9/3/2020,0.22
9/3/2020,0.21
9/3/2020,0.21
9/3/2020,0.21
9/3/2020,0.21
9/3/2020,0.21
9/3/2020,0.22
9/3/2020,0.21
9/3/2020,0.21
9/3/2020,0.21
9/3/2020,0.21
9/3/2020,0.21
9/3/2020,0.21
9/3/2020,0.21
9/3/2020,0.24
9/3/2020,0.21
9/3/2020,0.21
9/3/2020,0.21
9/3/2020,0.21
9/3/2020,0.21
9/3/2020,0.21
9/3/2020,0.21
9/3/2020,0.21
9/3/2020,0.21
9/3/2020,0.21
9/3/2020,0.21
9/3/2020,0.21
9/3/2020,0.21
9/3/2020,0.21
9/3/2020,0.21
9/3/2020,0.21
9/3/2020,0.21
9/3/2020,0.21
9/3/2020,0.21
9/3/2020,0.21
9/3/2020,0.21
9/3/2020,0.21
9/3/2020,0.21
9/3/2020,0.21
9/3/2020,0.21
9/3/2020,0.21
9/3/2020,0.21
9/3/2020,0.21
9/3/2020,0.21
9/3/2020,0.21
9/3/2020,0.24
9/3/2020,0.22
9/3/2020,0.22
9/3/2020,0.22
9/3/2020,0.22
9/3/2020,0.22
9/3/2020,0.22
9/3/2020,0.22
9/3/2020,0.22
9/3/2020,0.22
9/3/2020,0.22
9/3/2020,0.22
9/3/2020,0.22
9/3/2020,0.22
9/3/2020,0.21
9/3/2020,0.21
9/3/2020,0.21
9/3/2020,0.21
9/3/2020,0.21
9/3/2020,0.21
9/3/2020,0.21
9/3/2020,0.21
9/3/2020,0.21
9/3/2020,0.21
9/3/2020,0.21
9/3/2020,0.21
9/3/2020,0.21
9/3/2020,0.22
9/3/2020,0.22
9/3/2020,0.21
9/3/2020,0.21
9/3/2020,0.21
9/3/2020,0.21
9/3/2020,0.21
9/3/2020,0.21
9/3/2020,0.21
9/3/2020,0.21
9/3/2020,0.21
9/3/2020,0.21
9/3/2020,0.21
9/3/2020,0.21
9/3/2020,0.23
9/3/2020,0.21
9/3/2020,0.21
9/3/2020,0.21
9/3/2020,0.21
9/3/2020,0.21
9/3/2020,0.21
9/3/2020,0.21
9/3/2020,0.21
9/3/2020,0.21
9/3/2020,0.21
9/3/2020,0.21
9/3/2020,0.21
9/3/2020,0.21
9/3/2020,0.21
9/3/2020,0.21
9/3/2020,0.21
9/3/2020,0.21
9/3/2020,0.21
9/3/2020,0.21
9/3/2020,0.21
9/3/2020,0.21
9/3/2020,0.21
9/3/2020,0.21
9/3/2020,0.21
9/3/2020,0.21
9/3/2020,0.21
9/3/2020,0.21
9/3/2020,0.21
9/3/2020,0.21
9/3/2020,0.21
9/3/2020,0.23
9/3/2020,0.21
9/3/2020,0.21
9/3/2020,0.21
9/3/2020,0.21
9/3/2020,0.21
9/3/2020,0.21
9/3/2020,0.21
9/3/2020,0.21
9/3/2020,0.21
9/3/2020,0.24
9/3/2020,0.21
9/3/2020,0.21
9/3/2020,0.21
9/3/2020,0.21
9/3/2020,0.21
9/3/2020,0.21
9/3/2020,0.21
9/3/2020,0.21
9/3/2020,0.21
9/3/2020,0.21
9/3/2020,0.21
9/3/2020,0.21
9/3/2020,0.21
9/3/2020,0.21
9/3/2020,0.21
9/3/2020,0.21
9/3/2020,0.21
9/3/2020,0.21
9/3/2020,0.21
9/3/2020,0.21
9/3/2020,0.21
9/3/2020,0.21
9/3/2020,0.21
9/3/2020,0.21
9/3/2020,0.21
9/3/2020,0.21
9/3/2020,0.21
9/3/2020,0.21
9/3/2020,0.21
9/3/2020,0.21
9/3/2020,0.23
9/3/2020,0.21
9/3/2020,0.21
9/3/2020,0.21
9/3/2020,0.21
9/3/2020,0.21
9/3/2020,0.21
9/3/2020,0.21
9/3/2020,0.21
9/3/2020,0.21
9/3/2020,0.21
9/3/2020,0.21
9/3/2020,0.21
9/3/2020,0.2
9/3/2020,0.2
9/3/2020,0.2
9/3/2020,0.2
9/3/2020,0.2
9/3/2020,0.2
9/3/2020,0.2
9/3/2020,0.2
9/3/2020,0.2
9/3/2020,0.2
9/3/2020,0.2
9/3/2020,0.2
9/3/2020,0.2
9/3/2020,0.2
9/3/2020,0.2
9/3/2020,0.2
9/3/2020,0.2
9/3/2020,0.2
9/3/2020,0.2
9/3/2020,0.2
9/3/2020,0.2
9/3/2020,0.2
9/3/2020,0.2
9/3/2020,0.2
9/3/2020,0.2
9/3/2020,0.2
9/3/2020,0.2
9/3/2020,0.2
9/3/2020,0.22
9/3/2020,0.2
9/3/2020,0.2
9/3/2020,0.19
9/3/2020,0.2
9/3/2020,0.19
9/3/2020,0.2
9/3/2020,0.19
9/3/2020,0.19
9/3/2020,0.2
9/3/2020,0.2
9/3/2020,0.2
9/3/2020,0.2
9/3/2020,0.2
9/3/2020,0.2
9/3/2020,0.2
9/3/2020,0.19
9/3/2020,0.19
9/3/2020,0.2
9/3/2020,0.19
9/3/2020,0.19
9/3/2020,0.19
9/3/2020,0.2
9/3/2020,0.2
9/3/2020,0.2
9/3/2020,0.2
9/3/2020,0.19
9/3/2020,0.19
9/3/2020,0.2
9/3/2020,0.2
9/3/2020,0.2
9/3/2020,0.21
9/3/2020,0.2
9/3/2020,0.2
9/3/2020,0.2
9/3/2020,0.2
9/3/2020,0.2
9/3/2020,0.19
9/3/2020,0.19
9/3/2020,0.19
9/3/2020,0.19
9/3/2020,0.23
9/3/2020,0.19
9/3/2020,0.19
9/3/2020,0.19
9/3/2020,0.19
9/3/2020,0.19
9/3/2020,0.19
9/3/2020,0.19
9/3/2020,0.19
9/3/2020,0.19
9/3/2020,0.19
9/3/2020,0.19
9/3/2020,0.19
9/3/2020,0.19
9/3/2020,0.19
9/3/2020,0.19
9/3/2020,0.19
9/3/2020,0.19
9/3/2020,0.19
9/3/2020,0.19
9/3/2020,0.19
9/3/2020,0.19
9/3/2020,0.19
9/3/2020,0.19
9/3/2020,0.19
9/3/2020,0.19
9/3/2020,0.19
9/3/2020,0.19
9/3/2020,0.19
9/3/2020,0.19
9/3/2020,0.19
9/3/2020,0.21
9/3/2020,0.19
9/3/2020,0.19
9/3/2020,0.19
9/3/2020,0.19
9/3/2020,0.19
9/3/2020,0.19
9/3/2020,0.19
9/3/2020,0.19
9/3/2020,0.19
9/3/2020,0.19
9/3/2020,0.19
9/3/2020,0.19
9/3/2020,0.19
9/3/2020,0.19
9/3/2020,0.19
9/3/2020,0.19
9/3/2020,0.19
9/3/2020,0.19
9/3/2020,0.19
9/3/2020,0.19
9/3/2020,0.19
9/3/2020,0.19
9/3/2020,0.19
9/3/2020,0.19
9/3/2020,0.19
9/3/2020,0.19
9/3/2020,0.19
9/3/2020,0.19
9/3/2020,0.18
9/3/2020,0.19
9/3/2020,0.19
9/3/2020,0.19
9/3/2020,0.19
9/3/2020,0.18
9/3/2020,0.19
9/3/2020,0.18
9/3/2020,0.18
9/3/2020,0.18
9/3/2020,0.18
9/3/2020,0.18
9/3/2020,0.21
9/3/2020,0.18
9/3/2020,0.18
9/3/2020,0.18
9/3/2020,0.18
9/3/2020,0.17
9/3/2020,0.18
9/3/2020,0.18
9/3/2020,0.18
9/3/2020,0.19
9/3/2020,0.19
9/3/2020,0.18
9/3/2020,0.18
9/3/2020,0.18
9/3/2020,0.18
9/3/2020,0.18
9/3/2020,0.18
9/3/2020,0.18
9/3/2020,0.18
9/3/2020,0.18
9/3/2020,0.19
9/3/2020,0.19
9/3/2020,0.19
9/3/2020,0.19
9/3/2020,0.19
9/3/2020,0.19
9/3/2020,0.19
9/3/2020,0.19
9/3/2020,0.19
9/3/2020,0.19
9/3/2020,0.19
9/3/2020,0.21
9/3/2020,0.19
9/3/2020,0.19
9/3/2020,0.19
9/3/2020,0.19
9/3/2020,0.19
9/3/2020,0.19
9/3/2020,0.19
9/3/2020,0.19
9/3/2020,0.19
9/3/2020,0.25
9/3/2020,0.22
9/3/2020,0.21
9/3/2020,0.19
9/3/2020,0.19
9/3/2020,0.19
9/3/2020,0.19
9/3/2020,0.19
9/3/2020,0.19
9/3/2020,0.19
9/3/2020,0.19
9/3/2020,0.19
9/3/2020,0.19
9/3/2020,0.19
9/3/2020,0.19
9/3/2020,0.19
9/3/2020,0.19
9/3/2020,0.19
9/3/2020,0.19
9/3/2020,0.18
9/3/2020,0.19
9/3/2020,0.19
9/3/2020,0.19
9/3/2020,0.19
9/3/2020,0.19
9/3/2020,0.19
9/3/2020,0.19
9/3/2020,0.19
9/3/2020,0.19
9/3/2020,0.19
9/3/2020,0.19
9/3/2020,0.2
9/3/2020,0.19
9/3/2020,0.19
9/3/2020,0.19
9/3/2020,0.18
9/3/2020,0.18
9/3/2020,0.19
9/3/2020,0.19
9/3/2020,0.19
9/3/2020,0.19
9/3/2020,0.19
9/3/2020,0.19
9/3/2020,0.18
9/3/2020,0.18
9/3/2020,0.18
9/3/2020,0.18
9/3/2020,0.18
9/3/2020,0.18
9/3/2020,0.18
9/3/2020,0.18
9/3/2020,0.18
9/3/2020,0.18
9/3/2020,0.18
9/3/2020,0.18
9/3/2020,0.18
